N,alpha,T,kappa,quadrature_order,h,blocks,energy,residual,residual_per_T
64,1.0,64.0,0.5,64,0.12022458674074696,533,0.6106678514678692,0.22118769419602052,0.0034560577218128207
64,1.0,64.0,0.5,128,0.12022458674074696,533,0.6106678514678681,0.22118769419602663,0.003456057721812916
64,1.0,64.0,0.5,256,0.12022458674074696,533,0.6106678514678693,0.22118769419602569,0.0034560577218129013
64,1.0,64.0,1.0,64,0.24044917348149392,267,0.6106678514678695,0.39603661457300576,0.006188072102703215
64,1.0,64.0,1.0,128,0.24044917348149392,267,0.6106678514678696,0.396036614573012,0.006188072102703312
64,1.0,64.0,1.0,256,0.24044917348149392,267,0.6106678514678701,0.39603661457301115,0.006188072102703299
64,1.0,64.0,2.0,64,0.48089834696298783,134,0.6106678514678683,0.5619123583023116,0.008779880598473618
64,1.0,64.0,2.0,128,0.48089834696298783,134,0.6106678514678745,0.5619123583023211,0.008779880598473767
64,1.0,64.0,2.0,256,0.48089834696298783,134,0.6106678514678727,0.5619123583023187,0.00877988059847373
