q,min_eigenvalue,determinant,exact_determinant
0.125,0.00016168340553379993,1.1925896008809415e-05,1.1925896008809408e-05
0.12575,0.0001645943219293822,1.2172878655089674e-05,1.2172878655089662e-05
0.1265,0.00016753957917533917,1.2423171861646363e-05,1.2423171861646355e-05
0.12725,0.00017051936463408258,1.2676791516098141e-05,1.267679151609814e-05
0.128,0.00017353386523838058,1.293375328124805e-05,1.2933753281248059e-05
0.12875,0.0001765832674852475,1.3194072593492899e-05,1.3194072593492906e-05
0.1295,0.000179667757429765,1.3457764661263394e-05,1.345776466126338e-05
0.13025,0.00018278752067883263,1.3724844463494934e-05,1.3724844463494958e-05
0.131,0.0001859427423848497,1.3995326748129307e-05,1.3995326748129317e-05
0.13175,0.00018913360723932433,1.42692260306461e-05,1.4269226030646113e-05
0.1325,0.00019236029946641302,1.4546556592624938e-05,1.454655659262494e-05
0.13325,0.00019562300281638864,1.482733248033735e-05,1.4827332480337363e-05
0.134,0.0001989219005590329,1.5111567503368749e-05,1.5111567503368764e-05
0.13475,0.00020225717547695795,1.5399275233269945e-05,1.5399275233269955e-05
0.1355,0.00020562900985885395,1.569046900223832e-05,1.5690469002238295e-05
0.13625,0.0002090375854926599,1.598516190182813e-05,1.5985161901828156e-05
0.137,0.00021248308365866254,1.628336678169067e-05,1.628336678169067e-05
0.13775,0.0002159656851225147,1.6585096248342454e-05,1.6585096248342448e-05
0.1385,0.0002194855701281809,1.6890362663963255e-05,1.6890362663963255e-05
0.13925,0.00022304291839080536,1.7199178145222355e-05,1.719917814522234e-05
0.14,0.0002266379090894977,1.7511554562133332e-05,1.751155456213334e-05
0.14075,0.0002302707208600459,1.782750353693762e-05,1.7827503536937624e-05
0.14150000000000001,0.00023394153178754509,1.8147036443015876e-05,1.8147036443015866e-05
0.14225,0.00023765051939894795,1.8470164403827518e-05,1.8470164403827528e-05
0.14300000000000002,0.00024139786065553655,1.8796898291878603e-05,1.879689829187861e-05
0.14375,0.0002451837319453066,1.9127248727716664e-05,1.9127248727716688e-05
0.1445,0.00024900830907527655,1.9461226078954015e-05,1.946122607895401e-05
0.14525,0.0002528717672637094,1.9798840459317595e-05,1.979884045931759e-05
0.146,0.0002567742811322502,2.0140101727726967e-05,2.0140101727726927e-05
0.14675,0.0002607160246979838,2.0485019487398638e-05,2.048501948739862e-05
0.1475,0.0002646971713654012,2.0833603084977982e-05,2.0833603084977965e-05
0.14825,0.000268717893918287,2.1185861609697463e-05,2.1185861609697446e-05
0.149,0.0002727783645115125,2.1541803892561787e-05,2.1541803892561736e-05
0.14975,0.00027687875466274824,2.1901438505559235e-05,2.190143850555924e-05
0.1505,0.00028101923524408655,2.2264773760899942e-05,2.2264773760899936e-05
0.15125,0.0002851999764735708,2.2631817710279345e-05,2.2631817710279348e-05
0.152,0.0002894211479066432,2.3002578144168577e-05,2.3002578144168598e-05
0.15275,0.0002936829184274946,2.3377062591130202e-05,2.337706259113023e-05
0.1535,0.0002979854562403294,2.375527831715971e-05,2.3755278317159733e-05
0.15425,0.00030232892886053404,2.4137232325052625e-05,2.4137232325052628e-05
0.155,0.0003067135031057555,2.4522931353796948e-05,2.4522931353796904e-05
0.15575,0.0003111393450868851,2.4912381877990694e-05,2.491238187799069e-05
0.1565,0.00031560662019895053,2.5305590107284986e-05,2.530559010728499e-05
0.15725,0.00032011549311191035,2.570256198585125e-05,2.570256198585125e-05
0.158,0.000324666127761354,2.610330319187389e-05,2.6103303191873884e-05
0.15875,0.0003292586873391059,2.6507819137067186e-05,2.6507819137067196e-05
0.1595,0.00033389333428373105,2.691611496621676e-05,2.691611496621676e-05
0.16025,0.0003385702302709448,2.7328195556745307e-05,2.732819555674531e-05
0.161,0.00034328953620392245,2.7744065518302498e-05,2.77440655183025e-05
0.16175,0.00034805141220350873,2.816372919237882e-05,2.816372919237882e-05
0.1625,0.0003528560175983279,2.858719065194325e-05,2.8587190651943295e-05
0.16325,0.0003577035109147955,2.901445370110483e-05,2.901445370110483e-05
0.164,0.00036259404986702093,2.944552187479722e-05,2.9445521874797205e-05
0.16475,0.00036752779134661636,2.988039843848737e-05,2.9880398438487328e-05
0.1655,0.00037250489141239416,3.031908638790671e-05,3.031908638790672e-05
0.16625,0.00037752550527996704,3.076158844880616e-05,3.076158844880621e-05
0.167,0.0003825897873112379,3.120790707673338e-05,3.120790707673339e-05
0.16775,0.00038769789100378627,3.165804445683298e-05,3.165804445683296e-05
0.1685,0.00039284996898014744,3.211200250366967e-05,3.2112002503669676e-05
0.16925,0.0003980461729769855,3.256978286107369e-05,3.2569782861073676e-05
0.16999999999999998,0.0004032866538341549,3.3031386902008345e-05,3.3031386902008325e-05
0.17075,0.000408571561483658,3.349681572846019e-05,3.3496815728460154e-05
0.17149999999999999,0.000413901044938487,3.3966070171350616e-05,3.3966070171350596e-05
0.17225000000000001,0.00041927525228135996,3.443915079047019e-05,3.443915079047018e-05
0.173,0.0004246943306533426,3.491605787443369e-05,3.491605787443369e-05
0.17375000000000002,0.00043015842624235937,3.5396791440657766e-05,3.539679144065773e-05
0.1745,0.00043566768427158854,3.5881351235358985e-05,3.588135123535895e-05
0.17525000000000002,0.0004412222489877497,3.636973673357426e-05,3.636973673357424e-05
0.176,0.00044682226364926847,3.686194713920153e-05,3.6861947139201525e-05
0.17675000000000002,0.0004524678705143314,3.7357981385062044e-05,3.735798138506202e-05
0.1775,0.00045815921082882096,3.785783813298288e-05,3.7857838132982905e-05
0.17825,0.0004638964248141395,3.8361515773901176e-05,3.836151577390117e-05
0.179,0.0004696796516549045,3.886901242798755e-05,3.886901242798759e-05
0.17975,0.0004755090294865375,3.938032594479136e-05,3.938032594479139e-05
0.1805,0.00048138469538272315,3.989545390340504e-05,3.9895453903405086e-05
0.18125,0.0004873067853427529,4.0414393612649496e-05,4.0414393612649476e-05
0.182,0.0004932754342787473,4.093714211127871e-05,4.0937142111278716e-05
0.18275,0.0004992907760027559,4.146369616820491e-05,4.1463696168204965e-05
0.1835,0.0005053529432137323,4.199405228274313e-05,4.1994052282743074e-05
0.18425,0.0005114620674843884,4.25282066848746e-05,4.252820668487458e-05
0.185,0.0005176182792479214,4.306615533553125e-05,4.3066155335531266e-05
0.18575,0.0005238217077846195,4.360789392689787e-05,4.3607893926897895e-05
0.1865,0.0005300724812083367,4.4153417882734034e-05,4.415341788273404e-05
0.18725,0.0005363707264528439,4.470272235871513e-05,4.470272235871514e-05
0.188,0.0005427165692580516,4.5255802242792196e-05,4.5255802242792176e-05
0.18875,0.0005491101341561035,4.581265215556998e-05,4.581265215557e-05
0.1895,0.0005555515444573417,4.637326645070454e-05,4.637326645070454e-05
0.19025,0.0005620409222361417,4.693763921531819e-05,4.693763921531815e-05
0.191,0.0005685783883166144,4.7505764270433324e-05,4.7505764270433364e-05
0.19175,0.0005751640622581807,4.807763517142481e-05,4.807763517142476e-05
0.1925,0.0005817980623410095,4.865324520848882e-05,4.865324520848883e-05
0.19325,0.0005884805055513256,4.923258740713192e-05,4.923258740713183e-05
0.194,0.0005952115075665797,4.98156545286752e-05,4.981565452867524e-05
0.19475,0.0006019911827404892,5.0402439070778646e-05,5.040243907077872e-05
0.1955,0.0006088196440879397,5.099293326798086e-05,5.0992933267980883e-05
0.19625,0.0006156970032697479,5.1587129092257066e-05,5.1587129092257005e-05
0.197,0.0006226233705772946,5.218501825359412e-05,5.218501825359411e-05
0.19774999999999998,0.0006295988549170115,5.278659220058303e-05,5.278659220058304e-05
0.1985,0.0006366235637947407,5.339184212102759e-05,5.3391842121027545e-05
0.19924999999999998,0.0006436976032999365,5.4000758942569866e-05,5.400075894256985e-05
0.2,0.000650821078089752,5.4613333333333334e-05,5.4613333333333355e-05
0.20074999999999998,0.0006579940913729596,5.5229555702581216e-05,5.522955570258123e-05
0.2015,0.0006652167448937491,5.584941620139204e-05,5.584941620139203e-05
0.20224999999999999,0.0006724891389153744,5.647290472335093e-05,5.6472904723350826e-05
0.203,0.0006798113722036583,5.7100010905257266e-05,5.710001090525723e-05
0.20375,0.0006871835420103561,5.7730724127848515e-05,5.773072412784853e-05
0.20450000000000002,0.0006946057440563749,5.8365033516539487e-05,5.8365033516539446e-05
0.20525,0.0007020780725148401,5.9002927942177e-05,5.900292794217698e-05
0.20600000000000002,0.0007096006199940317,5.964439602181121e-05,5.9644396021811285e-05
0.20675,0.0007171734775201577,6.028942611948152e-05,6.028942611948146e-05
0.20750000000000002,0.0007247967345199942,6.093800634701745e-05,6.093800634701741e-05
0.20825,0.0007324704788033644,6.159012456485581e-05,6.159012456485578e-05
0.20900000000000002,0.0007401947965454864,6.224576838287219e-05,6.224576838287218e-05
0.20975,0.0007479697722691527,6.290492516122707e-05,6.290492516122712e-05
0.21050000000000002,0.0007557954888267776,6.356758201122776e-05,6.356758201122766e-05
0.21125,0.0007636720273822808,6.423372579620308e-05,6.423372579620308e-05
0.21200000000000002,0.0007715994673928328,6.490334313239549e-05,6.490334313239547e-05
0.21275,0.0007795778865904352,6.557642038986437e-05,6.557642038986436e-05
0.2135,0.0007876073609633655,6.625294369340595e-05,6.625294369340592e-05
0.21425,0.0007956879647374508,6.693289892348605e-05,6.693289892348605e-05
0.215,0.0008038197703572081,6.761627171718753e-05,6.761627171718754e-05
0.21575,0.000812002848466814,6.830304746917104e-05,6.830304746917102e-05
0.2165,0.0008202372678909319,6.899321133264989e-05,6.899321133264993e-05
0.21725,0.0008285230956153803,6.968674822037876e-05,6.968674822037873e-05
0.218,0.0008368603967676455,7.038364280565473e-05,7.03836428056547e-05
0.21875,0.0008452492345972434,7.108387952333338e-05,7.108387952333335e-05
0.2195,0.0008536896704559176,7.178744257085665e-05,7.178744257085668e-05
0.22025,0.0008621817637776897,7.24943159092948e-05,7.249431590929472e-05
0.221,0.0008707255720587483,7.320448326440024e-05,7.320448326440022e-05
0.22175,0.0008793211508371808,7.39179281276756e-05,7.391792812767556e-05
0.2225,0.00088796855367255,7.463463375745331e-05,7.463463375745337e-05
0.22325,0.000896667832125311,7.535458317998878e-05,7.535458317998886e-05
0.224,0.000905419035736073,7.607775919056498e-05,7.607775919056497e-05
0.22475,0.0009142222120046973,7.680414435460999e-05,7.680414435460996e-05
0.2255,0.0009230774063692419,7.753372100882714e-05,7.75337210088271e-05
0.22625,0.0009319846621847431,7.826647126233639e-05,7.826647126233636e-05
0.227,0.0009409440207018436,7.90023769978284e-05,7.900237699782845e-05
0.22775,0.0009499555210452557,7.974141987273012e-05,7.974141987273e-05
0.2285,0.0009590192001920605,8.048358132038152e-05,8.048358132038145e-05
0.22925,0.0009681350929498651,8.122884255122551e-05,8.122884255122565e-05
0.22999999999999998,0.000977303231934779,8.197718455400831e-05,8.197718455400831e-05
0.23075,0.0009865236475492434,8.272858809699028e-05,8.272858809699023e-05
0.23149999999999998,0.0009957963679596941,8.348303372916959e-05,8.348303372916962e-05
0.23225,0.0010051214190740702,8.424050178151718e-05,8.424050178151713e-05
0.23299999999999998,0.001014498824519153,8.50009723682202e-05,8.500097236822018e-05
0.23375,0.001023928605617758,8.576442538793965e-05,8.576442538793965e-05
0.2345,0.0010334107813657527,8.653084052507631e-05,8.653084052507632e-05
0.23525000000000001,0.0010429453684089247,8.730019725104847e-05,8.730019725104842e-05
0.236,0.00105253238101968,8.807247482557952e-05,8.807247482557955e-05
0.23675000000000002,0.0010621718310735951,8.88476522979973e-05,8.884765229799726e-05
0.2375,0.001071863728025793,8.962570850854117e-05,8.962570850854114e-05
0.23825000000000002,0.0010816080788871737,9.040662208968241e-05,9.040662208968237e-05
0.239,0.0010914048882004694,9.119037146745177e-05,9.119037146745181e-05
0.23975000000000002,0.0011012541580161632,9.197693486277929e-05,9.197693486277929e-05
0.2405,0.0011111558878682216,9.27662902928419e-05,9.276629029284187e-05
0.24125000000000002,0.0011211100747496937,9.355841557242229e-05,9.355841557242227e-05
0.242,0.0011311167130881314,9.435328831527645e-05,9.435328831527658e-05
0.24275000000000002,0.0011411757947208702,9.515088593551185e-05,9.515088593551182e-05
0.2435,0.00115128730887013,9.595118564897197e-05,9.595118564897206e-05
0.24425000000000002,0.0011614512421179875,9.675416447463484e-05,9.675416447463486e-05
0.245,0.0011716675783811636,9.755979923601574e-05,9.755979923601565e-05
0.24575,0.0011819362988856764,9.836806656258234e-05,9.83680665625822e-05
0.2465,0.0011922573821413229,9.917894289117716e-05,9.91789428911772e-05
0.24725,0.001202630803916022,9.999240446744959e-05,9.999240446744967e-05
0.248,0.0012130565372099888,0.00010080842734729557,0.00010080842734729567
0.24875,0.0012235345522297629,0.00010162698739830672,0.00010162698739830675
0.2495,0.0012340648163620847,0.00010244806030122717,0.00010244806030122718
0.25025,0.0012446472941476162,0.00010327162155141962,0.0001032716215514196
0.251,0.0012552819472545166,0.00010409764646033858,0.0001040976464603386
0.25175000000000003,0.0012659687344518627,0.00010492611015701259,0.00010492611015701257
0.2525,0.0012767076115829203,0.00010575698758953338,0.00010575698758953341
0.25325,0.0012874985315382745,0.00010659025352655424,0.00010659025352655425
0.254,0.0012983414442288097,0.00010742588255879502,0.00010742588255879495
0.25475000000000003,0.0013092362965585356,0.00010826384910055472,0.00010826384910055465
0.2555,0.0013201830323972866,0.00010910412739123283,0.0001091041273912327
0.25625,0.0013311815925532591,0.00010994669149685661,0.00010994669149685666
0.257,0.001342231914745425,0.00011079151531161731,0.00011079151531161734
0.25775000000000003,0.001353333933575787,0.00011163857255941114,0.0001116385725594112
0.2585,0.0013644875805015094,0.00011248783679539011,0.00011248783679539012
0.25925,0.0013756927838069065,0.00011333928140751777,0.00011333928140751779
0.26,0.0013869494685752911,0.00011419287961813322,0.00011419287961813336
0.26075000000000004,0.0013982575566606975,0.00011504860448552107,0.000115048604485521
0.2615,0.0014096169666594574,0.00011590642890548726,0.00011590642890548717
0.26225,0.0014210276138816665,0.00011676632561294409,0.00011676632561294408
0.263,0.0014324894103225063,0.00011762826718349905,0.00011762826718349899
0.26375000000000004,0.001444002264633435,0.00011849222603505064,0.00011849222603505068
0.2645,0.0014555660820932733,0.00011935817442939147,0.00011935817442939156
0.26525,0.0014671807645791476,0.0001202260844738161,0.00012022608447381627
0.266,0.001478846210537326,0.00012109592812273621,0.00012109592812273636
0.26675000000000004,0.0014905623149539223,0.00012196767717930007,0.00012196767717930004
0.2675,0.0015023289693254956,0.00012284130329701882,0.0001228413032970187
0.26825,0.0015141460616295375,0.00012371677798139912,0.00012371677798139917
0.269,0.0015260134762948325,0.00012459407259158035,0.0001245940725915803
0.26975,0.00153793109417172,0.00012547315834197652,0.00012547315834197652
0.27049999999999996,0.001549898792502258,0.00012635400630392596,0.0001263540063039259
0.27125,0.0015619164448902637,0.0001272365874073441,0.0001272365874073441
0.272,0.0015739839212712693,0.00012812087244238238,0.00012812087244238238
0.27275,0.0015861010878823708,0.00012900683206109196,0.00012900683206109207
0.27349999999999997,0.001598267807231992,0.0001298944367790933,0.0001298944367790933
0.27425,0.0016104839380695383,0.00013078365697724844,0.0001307836569772485
0.275,0.001622749335354986,0.00013167446290334066,0.00013167446290334069
0.27575,0.0016350638502283586,0.00013256682467375689,0.0001325668246737568
0.27649999999999997,0.0016474273299791511,0.00013346071227517538,0.00013346071227517527
0.27725,0.001659839618015647,0.00013435609556625838,0.00013435609556625825
0.278,0.001672300553834181,0.0001352529442793478,0.0001352529442793478
0.27875,0.001684809972988312,0.00013615122802216679,0.00013615122802216654
0.27949999999999997,0.0016973677070579512,0.0001370509162795233,0.0001370509162795232
0.28025,0.0017099735836184017,0.0001379519784150208,0.00013795197841502078
0.281,0.0017226274262093534,0.00013885438367276968,0.0001388543836727697
0.28175,0.001735329054303818,0.00013975810117910445,0.0001397581011791047
0.2825,0.0017480782832770124,0.00014066309994430497,0.00014066309994430502
0.28325,0.001760874924375188,0.00014156934886431921,0.00014156934886431924
0.28400000000000003,0.0017737187846844317,0.00014247681672249215,0.00014247681672249218
0.28475,0.0017866096670994091,0.00014338547219129653,0.0001433854721912964
0.2855,0.001799547370292093,0.00014429528383406716,0.00014429528383406724
0.28625,0.001812531688680447,0.00014520622010673985,0.00014520622010674
0.28700000000000003,0.0018255624123970891,0.00014611824935959145,0.00014611824935959123
0.28775,0.0018386393272579412,0.00014703133983898263,0.00014703133983898288
0.2885,0.0018517622147308614,0.00014794545968910925,0.00014794545968910917
0.28925,0.0018649308519042632,0.0001488605769537471,0.00014886057695374707
0.29000000000000004,0.001878145011455731,0.00014977665957800824,0.00014977665957800838
0.29075,0.0018914044616206427,0.00015069367541009526,0.00015069367541009537
0.2915,0.0019047089661608002,0.00015161159220305936,0.00015161159220305933
0.29225,0.0019180582843330647,0.00015253037761656064,0.00015253037761656056
0.29300000000000004,0.0019314521708580154,0.00015344999921863142,0.00015344999921863148
0.29375,0.0019448903758886335,0.00015437042448744194,0.00015437042448744202
0.2945,0.0019583726449790236,0.00015529162081306721,0.00015529162081306708
0.29525,0.001971898719053158,0.00015621355549925645,0.00015621355549925642
0.29600000000000004,0.0019854683343736735,0.00015713619576520585,0.00015713619576520588
0.29675,0.0019990812225107214,0.00015805950874733132,0.00015805950874733124
0.2975,0.002012737110310874,0.00015898346150104424,0.00015898346150104419
0.29825,0.002026435719866082,0.0001599080210025286,0.00015990802100252874
0.29900000000000004,0.002040176768482726,0.00016083315415052075,0.00016083315415052073
0.29975,0.0020539599686507197,0.00016175882776808814,0.00016175882776808822
0.3005,0.002067785028012723,0.00016268500860441336,0.0001626850086044134
0.30125,0.0020816516493334398,0.00016361166333657624,0.00016361166333657643
0.302,0.002095559530468997,0.00016453875857133936,0.00016453875857133922
0.30274999999999996,0.002109508364336472,0.00016546626084693264,0.0001654662608469327
0.3035,0.002123497838883494,0.00016639413663484273,0.0001663941366348427
0.30425,0.0021375276370580055,0.00016732235234159836,0.00016732235234159863
0.305,0.0021515974367781266,0.0001682508743105627,0.00016825087431056256
0.30574999999999997,0.0021657069109021813,0.00016917966882371886,0.00016917966882371902
0.3065,0.002179855727198876,0.00017010870210346587,0.00017010870210346603
0.30725,0.002194043548317609,0.00017103794031440611,0.00017103794031440592
0.308,0.0022082700317589774,0.00017196734956513804,0.00017196734956513785
0.30874999999999997,0.0022225348298454527,0.00017289689591005008,0.00017289689591005035
0.3095,0.002236837589692231,0.00017382654535111396,0.00017382654535111398
0.31025,0.0022511779531782885,0.00017475626383967475,0.0001747562638396748
0.311,0.002265555556917645,0.00017568601727824788,0.0001756860172782479
0.31174999999999997,0.002279970032230829,0.0001766157715223111,0.00017661577152231116
0.3125,0.002294421005116594,0.0001775454923820993,0.00017754549238209924
0.31325000000000003,0.002308908096223824,0.00017847514562439683,0.0001784751456243971
0.314,0.0023234309208237398,0.00017940469697433383,0.0001794046969743338
0.31475,0.002337989088782316,0.00018033411211717656,0.00018033411211717656
0.3155,0.002352582204532995,0.00018126335670012343,0.00018126335670012327
0.31625000000000003,0.002367209867049653,0.00018219239633409615,0.00018219239633409615
0.317,0.0023818716698198778,0.00018312119659553375,0.00018312119659553394
0.31775,0.0023965672008185307,0.00018404972302818397,0.00018404972302818405
0.3185,0.002411296042481633,0.00018497794114489483,0.0001849779411448947
0.31925000000000003,0.0024260577716805525,0.00018590581642940446,0.00018590581642940446
0.32,0.0024408519596965557,0.0001868333143381336,0.00018683331433813326
0.32075,0.0024556781721956824,0.00018776040030197194,0.0001877604003019718
0.3215,0.00247053596920399,0.00018868703972806894,0.00018868703972806902
0.32225000000000004,0.002485424905083166,0.0001896131980016202,0.00018961319800162016
0.323,0.002500344528506526,0.00019053884048765275,0.00019053884048765283
0.32375,0.00251529438243541,0.00019146393253281204,0.00019146393253281194
0.3245,0.0025302740040959813,0.00019238843946714425,0.00019238843946714417
0.32525000000000004,0.0025452829249564594,0.0001933123266058802,0.0001933123266058799
0.326,0.0025603206707047743,0.00019423555925121477,0.0001942355592512146
0.32675,0.0025753867612266917,0.00019515810269408914,0.00019515810269408895
0.3275,0.0025904807105843783,0.0001960799222159662,0.0001960799222159664
0.32825000000000004,0.002605602026995459,0.00019700098309060994,0.00019700098309061005
0.329,0.002620750212812562,0.0001979212505858575,0.00019792125058585764
0.32975,0.002635924764503373,0.0001988406899653941,0.00019884068996539413
0.3305,0.002651125172631204,0.00019975926649052372,0.00019975926649052372
0.33125000000000004,0.0026663509218360954,0.00020067694542193808,0.0002006769454219381
0.332,0.0026816014908164804,0.00020159369202148465,0.00020159369202148438
0.33275,0.002696876352311402,0.00020250947155393034,0.0002025094715539304
0.3335,0.0027121749730833165,0.00020342424928872715,0.00020342424928872712
0.33425,0.00272749681390149,0.0002043379905017697,0.00020433799050176984
0.33499999999999996,0.0027428413295260074,0.00020525066047715629,0.00020525066047715626
0.33575,0.002758207968692409,0.00020616222450894347,0.0002061622245089434
0.3365,0.002773596174096968,0.00020707264790290013,0.00020707264790290007
0.33725,0.0027890053823826336,0.00020798189597825864,0.00020798189597825859
0.33799999999999997,0.0028044350241256434,0.00020888993406946376,0.00020888993406946348
0.33875,0.002819884523822826,0.0002097967275279165,0.0002097967275279164
0.3395,0.0028353532998796243,0.00021070224172371977,0.0002107022417237198
0.34025,0.002850840764598831,0.0002116064420474168,0.00021160644204741693
0.34099999999999997,0.002866346324170075,0.00021250929391172918,0.00021250929391172896
0.34175,0.0028818693786600742,0.0002134107627532896,0.0002134107627532898
0.3425,0.0028974093220036465,0.00021431081403437617,0.0002143108140343765
0.34325,0.002912965541995529,0.00021520941324463806,0.0002152094132446379
0.344,0.002928537420283022,0.0002161065259028199,0.00021610652590281986
0.34475,0.002944124332359435,0.00021700211755848624,0.00021700211755848616
0.34550000000000003,0.0029597256475584043,0.0002178961537937372,0.00021789615379373746
0.34625,0.00297534072904907,0.00021878860022492568,0.0002187886002249258
0.347,0.0029909689338321393,0.00021967942250436664,0.00021967942250436642
0.34775,0.003006609612736857,0.00022056858632204588,0.00022056858632204583
0.34850000000000003,0.0030222621104188797,0.00022145605740732564,0.00022145605740732548
0.34925,0.0030379257653591262,0.00022234180153064262,0.00022234180153064275
0.35,0.00305359990986356,0.0002232257845052084,0.00022322578450520835
0.35075,0.003069283870063953,0.00022410797218869814,0.0002241079721886983
0.35150000000000003,0.0030849769659196573,0.00022498833048494423,0.00022498833048494407
0.35225,0.003100678511220394,0.00022586682534561756,0.00022586682534561742
0.353,0.0031163878135900703,0.00022674342277191135,0.00022674342277191148
0.35375,0.003132104174491666,0.00022761808881621858,0.00022761808881621853
0.35450000000000004,0.0031478268892331735,0.00022849078958380188,0.00022849078958380204
0.35525,0.0031635552469746536,0.0002293614912344664,0.00022936149123446606
0.356,0.0031792885307364077,0.0002302301599842199,0.0002302301599842199
0.35675,0.003195026017408261,0.0002310967621069373,0.0002310967621069375
0.35750000000000004,0.0032107669777600312,0.00023196126393601354,0.00023196126393601382
0.35825,0.003226510676453145,0.0002328236318660157,0.0002328236318660158
0.359,0.0032422563720534625,0.00023368383235432863,0.00023368383235432887
0.35975,0.0032580033170453208,0.00023454183192280002,0.00023454183192279988
0.36050000000000004,0.003273750757846799,0.00023539759715937334,0.0002353975971593734
0.36125,0.0032894979348262452,0.00023625109471972508,0.00023625109471972486
0.362,0.0033052440823200763,0.00023710229132888912,0.00023710229132888915
0.36275,0.0033209884286518774,0.00023795115378288256,0.00023795115378288237
0.36350000000000005,0.0033367301961528015,0.0002387976489503209,0.0002387976489503208
0.36425,0.003352468601183327,0.00023964174377403392,0.00023964174377403386
0.365,0.0033682028541563427,0.00024048340527267202,0.0002404834052726719
0.36575,0.003383932159561641,0.00024132260054230995,0.00024132260054230987
0.3665,0.0033996557159917595,0.00024215929675804447,0.00024215929675804417
0.36724999999999997,0.003415372716169295,0.0002429934611755858,0.00024299346117558608
0.368,0.0034310823469756004,0.00024382506113284827,0.00024382506113284838
0.36875,0.0034467837894809634,0.0002446540640515276,0.0002446540640515278
0.3695,0.003462476218976255,0.000245480437438681,0.000245480437438681
0.37024999999999997,0.0034781588050060643,0.00024630414888829615,0.0002463041488882961
0.371,0.003493830711403369,0.0002471251660828583,0.00024712516608285835
0.37175,0.0035094910963256905,0.0002479434567949094,0.00024794345679490944
0.3725,0.0035251391122928604,0.00024875898888860183,0.0002487589888886019
0.37324999999999997,0.0035407739062263154,0.0002495717303212486,0.00024957173032124865
0.374,0.003556394619489996,0.00025038164914486464,0.00025038164914486437
0.37475,0.0035720003879328496,0.0002511887135077036,0.0002511887135077036
0.3755,0.0035875903419329744,0.0002519928916557914,0.00025199289165579145
0.37625000000000003,0.0036031636064433855,0.000252794151934449,0.00025279415193444883
0.377,0.003618719301039461,0.0002535924627898114,0.0002535924627898116
0.37775000000000003,0.0036342565399680696,0.00025438779277034423,0.0002543877927703444
0.3785,0.0036497744321983766,0.00025518011052834655,0.00025518011052834644
0.37925000000000003,0.0036652720814744047,0.00025596938482145377,0.0002559693848214539
0.38,0.003680748586369278,0.000256755584514133,0.0002567555845141333
0.38075000000000003,0.0036962030403412576,0.0002575386785791706,0.000257538678579171
0.3815,0.003711634531791525,0.00025831863609915436,0.0002583186360991545
0.38225,0.0037270421441237492,0.0002590954262679489,0.0002590954262679489
0.383,0.003742424955805451,0.0002598690183921658,0.0002598690183921658
0.38375,0.0037577820404311865,0.00026063938189262604,0.000260639381892626
0.3845,0.0037731124667875486,0.00026140648630581663,0.0002614064863058168
0.38525,0.0037884152989200257,0.00026217030128534,0.00026217030128534015
0.386,0.0038036895962017,0.0002629307966033571,0.00026293079660335704
0.38675,0.0038189344134038307,0.00026368794215202314,0.00026368794215202347
0.3875,0.0038341488007683166,0.00026444170794491956,0.0002644417079449198
0.38825,0.0038493318040820476,0.00026519206411847375,0.000265192064118474
0.389,0.003864482464753185,0.00026593898093337805,0.00026593898093337805
0.38975,0.0038795998198893266,0.00026668242877599606,0.0002666824287759959
0.3905,0.0038946829023776544,0.00026742237815976675,0.0002674223781597669
0.39125,0.00390973074096697,0.0002681587997266004,0.00026815879972660027
0.392,0.003924742360351721,0.00026889166424826327,0.00026889166424826327
0.39275,0.003939716781257977,0.00026962094262776256,0.00026962094262776256
0.3935,0.003954653020531368,0.00027034660590071776,0.00027034660590071787
0.39425,0.0039695500912270126,0.000271068625236729,0.00027106862523672867
0.395,0.003984407002701433,0.00027178697194073464,0.00027178697194073443
0.39575,0.003999222760706452,0.0002725016174543656,0.0002725016174543653
0.3965,0.004013996367485098,0.0002732125333572883,0.00027321253335728846
0.39725,0.00402872682186951,0.000273919691368545,0.0002739196913685448
0.398,0.004043413119380859,0.00027462306334787864,0.00027462306334787885
0.39875,0.004058054252331274,0.00027532262129706164,0.000275322621297062
0.3995,0.004072649209927785,0.0002760183373612068,0.00027601833736120706
0.40025,0.004087196978378292,0.00027671018383007546,0.00027671018383007556
0.401,0.0041016965409995535,0.0002773981331393788,0.00027739813313937863
0.40175,0.004116146878327175,0.00027808215787206804,0.00027808215787206777
0.4025,0.004130546968227656,0.0002787622307596205,0.0002787622307596206
0.40325,0.004144895786012411,0.0002794383246833169,0.000279438324683317
0.404,0.00415919230455386,0.00028011041267550767,0.00028011041267550783
0.40475,0.0041734354944034735,0.0002807784679208765,0.0002807784679208768
0.4055,0.004187624323911885,0.000281442463757693,0.00028144246375769313
0.40625,0.00420175775935097,0.0002821023736790569,0.00028210237367905694
0.40700000000000003,0.004215834765037944,0.00028275817133413734,0.0002827581713341373
0.40775,0.0042298543034614425,0.00028340983052940055,0.0002834098305294004
0.40850000000000003,0.004243815335409606,0.00028405732522983183,0.00028405732522983194
0.40925,0.004257716820100103,0.0002847006295601496,0.0002847006295601496
0.41000000000000003,0.004271557715312166,0.00028533971780600844,0.0002853397178060084
0.41075,0.004285336977520546,0.00028597456441519734,0.0002859745644151976
0.41150000000000003,0.004299053562031434,0.0002866051439988295,0.00028660514399882957
0.41225,0.004312706423120293,0.00028723143133251944,0.00028723143133251955
0.41300000000000003,0.00432629451417163,0.0002878534013575588,0.0002878534013575589
0.41375,0.004339816787820636,0.00028847102918207803,0.0002884710291820776
0.4145,0.004353272196096738,0.00028908429008220104,0.00028908429008220104
0.41525,0.004366659690569006,0.0002896931595031955,0.00028969315950319553
0.416,0.0043799782224934036,0.00029029761306060815,0.000290297613060608
0.41675,0.004393226742961867,0.0002908976265413954,0.0002908976265413955
0.4175,0.004406404203053189,0.000291493175905047,0.00029149317590504686
0.41825,0.004419509553985701,0.00029208423728469576,0.00029208423728469603
0.419,0.0044325417472716715,0.0002926707869882255,0.00029267078698822554
0.41975,0.004445499734873496,0.00029325280149936317,0.0002932528014993632
0.4205,0.004458382469361539,0.00029383025747876853,0.0002938302574787684
0.42125,0.004471188904073695,0.0002944031317651104,0.0002944031317651106
0.422,0.004483917993276576,0.00029497140137613913,0.00029497140137613897
0.42275,0.0044965686923283356,0.00029553504350974283,0.00029553504350974326
0.4235,0.004509139957843063,0.0002960940355450052,0.00029609403554500536
0.42425,0.004521630747856764,0.00029664835504324296,0.0002966483550432432
0.425,0.0045340400219948205,0.0002971979797490436,0.00029719797974904363
0.42575,0.004546366741640978,0.0002977428875912896,0.00029774288759128913
0.4265,0.004558609870107753,0.000298283056684173,0.00029828305668417297
0.42725,0.004570768372808272,0.00029881846532820697,0.00029881846532820686
0.428,0.004582841217429468,0.0002993490920112191,0.0002993490920112195
0.42875,0.004594827374106624,0.0002998749154093453,0.00029987491540934543
0.4295,0.004606725815599184,0.0003003959143880055,0.0003003959143880053
0.43025,0.004618535517467846,0.0003009120680028771,0.0003009120680028773
0.431,0.004630255458252808,0.0003014233555008579,0.00030142335550085764
0.43175,0.004641884619653218,0.0003019297563210152,0.000301929756321015
0.4325,0.0046534219867077065,0.0003024312500955322,0.00030243125009553226
0.43325,0.004664866547975975,0.0003029278166506417,0.0003029278166506416
0.434,0.0046762172957214194,0.0003034194360075493,0.0003034194360075493
0.43475,0.004687473226094692,0.00030390608838335066,0.00030390608838335077
0.4355,0.004698633339318173,0.00030438775419193697,0.0003043877541919372
0.43625,0.004709696639871313,0.00030486441404489295,0.0003048644140448928
0.437,0.00472066213667675,0.0003053360487523811,0.00030533604875238084
0.43775000000000003,0.004731528843287195,0.00030580263932402323,0.0003058026393240233
0.4385,0.004742295778072974,0.00030626416696976825,0.00030626416696976814
0.43925000000000003,0.004752961964410226,0.00030672061310074874,0.0003067206131007487
0.44,0.004763526430869664,0.00030717195933013325,0.00030717195933013347
0.44075000000000003,0.004773988211405819,0.00030761818747396534,0.0003076181874739657
0.4415,0.004784346345546765,0.00030805927955199387,0.00030805927955199403
0.44225000000000003,0.004794599878584209,0.0003084952177884934,0.0003084952177884934
0.443,0.004804747861763895,0.00030892598461307563,0.0003089259846130755
0.44375000000000003,0.004814789352476275,0.0003093515626614917,0.00030935156266149143
0.4445,0.004824723414447363,0.0003097719347764227,0.0003097719347764222
0.44525,0.004834549117929701,0.00031018708400826195,0.00031018708400826174
0.446,0.004844265539893406,0.00031059699361588874,0.00031059699361588895
0.44675,0.004853871764217159,0.00031100164706743017,0.0003110016470674302
0.4475,0.0048633668818791635,0.0003114010280410133,0.00031140102804101303
0.44825,0.004872749991147881,0.0003117951204255081,0.0003117951204255077
0.449,0.00488202019777261,0.0003121839083212618,0.00031218390832126185
0.44975,0.004891176615173715,0.00031256737604082264,0.0003125673760408228
0.4505,0.0049002183646324905,0.00031294550810965143,0.0003129455081096515
0.45125,0.004909144575480612,0.0003133182892668256,0.00031331828926682597
0.452,0.004917954385289022,0.0003136857044657347,0.0003136857044657348
0.45275,0.004926646940056252,0.00031404773887476126,0.00031404773887476137
0.4535,0.004935221394396068,0.00031440437787795696,0.0003144043778779572
0.45425,0.004943676911724344,0.0003147556070757053,0.00031475560707570525
0.455,0.004952012664445158,0.0003151014122853748,0.00031510141228537487
0.45575,0.004960227834135941,0.00031544177954196447,0.00031544177954196436
0.4565,0.004968321611731684,0.00031577669509873484,0.00031577669509873463
0.45725,0.004976293197708063,0.0003161061454278335,0.0003161061454278337
0.458,0.0049841418022634485,0.0003164301172209088,0.0003164301172209091
0.45875,0.004991866645499695,0.00031674859738971246,0.00031674859738971213
0.4595,0.004999466957601645,0.00031706157306669094,0.0003170615730666908
0.46025,0.005006941979015256,0.00031736903160557267,0.00031736903160557245
0.461,0.005014290960624288,0.000317670960581937,0.0003176709605819372
0.46175,0.005021513163925459,0.00031796734779378086,0.00031796734779378075
0.4625,0.0050286078612019995,0.0003182581812620658,0.000318258181262066
0.46325,0.0050355743356955245,0.000318543449231266,0.0003185434492312666
0.464,0.0050424118817761375,0.0003188231401698979,0.00031882314016989797
0.46475,0.005049119805110697,0.0003190972427710395,0.0003190972427710396
0.4655,0.0050556974228291845,0.00031936574595284697,0.000319365745952847
0.46625,0.005062144063689022,0.00031962863885905146,0.0003196286388590516
0.467,0.005068459068237396,0.0003198859108594533,0.0003198859108594532
0.46775,0.005074641788971349,0.00032013755155039944,0.00032013755155039933
0.4685,0.005080691590495714,0.0003203835507552563,0.00032038355075525616
0.46925,0.005086607849678702,0.0003206238985248679,0.0003206238985248684
0.47000000000000003,0.005092389955805132,0.00032085858513800845,0.00032085858513800845
0.47075,0.005098037310727208,0.0003210876011018163,0.0003210876011018159
0.47150000000000003,0.005103549329012768,0.00032131093715222686,0.00032131093715222664
0.47225,0.005108925438090931,0.00032152858425438995,0.00032152858425439
0.47300000000000003,0.005114165078395081,0.0003217405336030782,0.0003217405336030783
0.47375,0.0051192677035031085,0.0003219467766230825,0.0003219467766230829
0.47450000000000003,0.0051242327802748285,0.00032214730496960133,0.0003221473049696018
0.47525,0.0051290597889865445,0.00032234211052861657,0.0003223421105286168
0.47600000000000003,0.005133748223462627,0.00032253118541725813,0.00032253118541725846
0.47675,0.005138297591204117,0.0003227145219841624,0.00032271452198416253
0.4775,0.005142707413514212,0.0003228921128098155,0.00032289211280981517
0.47825,0.0051469772256206294,0.00032306395070688735,0.0003230639507068873
0.479,0.005151106576794753,0.00032323002872055825,0.0003232300287205585
0.47975,0.005155095030467504,0.00032339034012883087,0.0003233903401288305
0.4805,0.005158942164341893,0.000323544878442831,0.00032354487844283116
0.48125,0.005162647570502178,0.0003236936374071056,0.0003236936374071057
0.482,0.0051662108555195685,0.00032383661099989985,0.0003238366109998997
0.48275,0.005169631640554441,0.00032397379343343004,0.00032397379343343
0.4835,0.005172909561454985,0.0003241051791541452,0.00032410517915414523
0.48425,0.005176044268852247,0.00032423076284297716,0.0003242307628429769
0.485,0.00517903542825152,0.0003243505394155782,0.0003243505394155782
0.48575,0.0051818827201200075,0.0003244645040225527,0.00032446450402255286
0.4865,0.005184585839970759,0.0003245726520496744,0.00032457265204967475
0.48725,0.005187144498442781,0.0003246749791180945,0.00032467497911809444
0.488,0.005189558421377332,0.00032477148108453713,0.00032477148108453724
0.48875,0.0051918273498903,0.00032486215404148945,0.00032486215404148934
0.4895,0.005193951040440687,0.0003249469943173742,0.000324946994317374
0.49025,0.005195929264895113,0.00032502599847671667,0.0003250259984767168
0.491,0.005197761810588344,0.0003250991633203003,0.0003250991633203002
0.49175,0.005199448480379759,0.00032516648588530703,0.0003251664858853072
0.4925,0.005200989092705811,0.0003252279634454558,0.00032522796344545594
0.49325,0.005202383481628337,0.0003252835935111206,0.0003252835935111207
0.494,0.005203631496878803,0.0003253333738294452,0.00032533337382944545
0.49475,0.005204733003898402,0.0003253773023844451,0.0003253773023844449
0.4955,0.005205687883873957,0.0003254153773970942,0.0003254153773970944
0.49625,0.0052064960337696925,0.0003254475973254111,0.000325447597325411
0.497,0.00520715736635477,0.00032547396086452304,0.00032547396086452256
0.49775,0.005207671810226635,0.00032549446694672555,0.0003254944669467258
0.4985,0.005208039309830129,0.00032550911474153575,0.00032550911474153564
0.49925,0.005208259825472357,0.0003255179036557207,0.00032551790365572115
0.5,0.005208333333333333,0.00032552083333333326,0.0003255208333333333
0.50075,0.005208259825472355,0.0003255179036557207,0.00032551790365572105
0.5015000000000001,0.005208039309830127,0.00032550911474153575,0.00032550911474153553
0.5022500000000001,0.005207671810226634,0.00032549446694672555,0.0003254944669467258
0.503,0.00520715736635477,0.00032547396086452304,0.00032547396086452256
0.50375,0.005206496033769693,0.0003254475973254111,0.0003254475973254111
0.5045,0.005205687883873959,0.0003254153773970948,0.00032541537739709455
0.50525,0.005204733003898402,0.0003253773023844451,0.0003253773023844449
0.506,0.005203631496878803,0.0003253333738294452,0.00032533337382944545
0.50675,0.005202383481628335,0.00032528359351112,0.00032528359351112056
0.5075000000000001,0.005200989092705809,0.0003252279634454558,0.0003252279634454558
0.5082500000000001,0.00519944848037976,0.00032516648588530703,0.0003251664858853072
0.509,0.005197761810588344,0.0003250991633203003,0.0003250991633203002
0.5097499999999999,0.005195929264895116,0.00032502599847671727,0.0003250259984767169
0.5105,0.005193951040440689,0.0003249469943173742,0.00032494699431737415
0.51125,0.0051918273498903,0.00032486215404148945,0.00032486215404148934
0.512,0.005189558421377332,0.00032477148108453713,0.00032477148108453724
0.51275,0.0051871444984427795,0.0003246749791180945,0.00032467497911809433
0.5135000000000001,0.005184585839970756,0.000324572652049675,0.0003245726520496746
0.51425,0.0051818827201200075,0.0003244645040225527,0.00032446450402255286
0.515,0.00517903542825152,0.0003243505394155782,0.0003243505394155782
0.5157499999999999,0.00517604426885225,0.00032423076284297716,0.00032423076284297705
0.5165,0.0051729095614549865,0.0003241051791541452,0.0003241051791541454
0.51725,0.005169631640554441,0.00032397379343343004,0.00032397379343343
0.518,0.0051662108555195685,0.00032383661099989985,0.0003238366109998997
0.51875,0.005162647570502174,0.0003236936374071056,0.0003236936374071056
0.5195000000000001,0.0051589421643418905,0.000323544878442831,0.00032354487844283105
0.52025,0.005155095030467504,0.00032339034012883087,0.0003233903401288305
0.521,0.005151106576794753,0.00032323002872055825,0.0003232300287205585
0.5217499999999999,0.005146977225620631,0.0003230639507068879,0.00032306395070688746
0.5225,0.005142707413514214,0.0003228921128098155,0.00032289211280981533
0.52325,0.005138297591204117,0.0003227145219841624,0.00032271452198416253
0.524,0.005133748223462626,0.00032253118541725813,0.00032253118541725824
0.52475,0.005129059788986543,0.00032234211052861657,0.0003223421105286167
0.5255000000000001,0.005124232780274828,0.0003221473049696019,0.00032214730496960177
0.52625,0.005119267703503109,0.0003219467766230825,0.0003219467766230829
0.527,0.0051141650783950825,0.0003217405336030782,0.0003217405336030784
0.5277499999999999,0.005108925438090932,0.00032152858425438995,0.0003215285842543902
0.5285,0.005103549329012768,0.00032131093715222686,0.00032131093715222664
0.52925,0.005098037310727208,0.0003210876011018163,0.0003210876011018159
0.53,0.0050923899558051305,0.00032085858513800845,0.00032085858513800834
0.53075,0.005086607849678699,0.0003206238985248679,0.0003206238985248683
0.5315000000000001,0.005080691590495713,0.0003203835507552557,0.00032038355075525616
0.53225,0.005074641788971349,0.00032013755155039944,0.00032013755155039933
0.533,0.005068459068237395,0.0003198859108594533,0.0003198859108594533
0.53375,0.005062144063689025,0.00031962863885905146,0.0003196286388590518
0.5345,0.0050556974228291845,0.00031936574595284697,0.000319365745952847
0.53525,0.005049119805110697,0.0003190972427710395,0.0003190972427710396
0.536,0.005042411881776135,0.0003188231401698979,0.0003188231401698978
0.5367500000000001,0.005035574335695524,0.0003185434492312666,0.00031854344923126646
0.5375000000000001,0.005028607861201998,0.0003182581812620658,0.00031825818126206593
0.53825,0.005021513163925459,0.00031796734779378086,0.00031796734779378075
0.539,0.005014290960624287,0.0003176709605819376,0.00031767096058193733
0.53975,0.005006941979015259,0.00031736903160557267,0.00031736903160557256
0.5405,0.004999466957601645,0.00031706157306669094,0.0003170615730666908
0.54125,0.004991866645499695,0.00031674859738971246,0.00031674859738971213
0.542,0.004984141802263447,0.0003164301172209088,0.00031643011722090896
0.5427500000000001,0.004976293197708061,0.0003161061454278335,0.00031610614542783354
0.5435,0.004968321611731684,0.0003157766950987343,0.00031577669509873463
0.54425,0.004960227834135941,0.00031544177954196447,0.00031544177954196436
0.5449999999999999,0.00495201266444516,0.0003151014122853748,0.0003151014122853751
0.54575,0.004943676911724345,0.0003147556070757053,0.0003147556070757054
0.5465,0.004935221394396068,0.00031440437787795696,0.0003144043778779572
0.54725,0.004926646940056252,0.00031404773887476126,0.00031404773887476137
0.548,0.004917954385289021,0.0003136857044657347,0.0003136857044657347
0.5487500000000001,0.004909144575480611,0.0003133182892668256,0.00031331828926682575
0.5495,0.0049002183646324905,0.000312945508109652,0.0003129455081096515
0.55025,0.004891176615173715,0.00031256737604082324,0.0003125673760408228
0.5509999999999999,0.004882020197772612,0.0003121839083212618,0.000312183908321262
0.55175,0.0048727499911478825,0.0003117951204255081,0.00031179512042550786
0.5525,0.0048633668818791635,0.0003114010280410133,0.00031140102804101303
0.55325,0.004853871764217159,0.00031100164706743017,0.0003110016470674302
0.554,0.004844265539893403,0.00031059699361588874,0.00031059699361588874
0.5547500000000001,0.0048345491179296995,0.00031018708400826195,0.0003101870840082616
0.5555,0.004824723414447363,0.00030977193477642215,0.0003097719347764222
0.55625,0.0048147893524762755,0.0003093515626614917,0.00030935156266149154
0.5569999999999999,0.004804747861763896,0.00030892598461307563,0.0003089259846130757
0.55775,0.004794599878584209,0.0003084952177884934,0.0003084952177884934
0.5585,0.004784346345546765,0.00030805927955199387,0.00030805927955199403
0.55925,0.0047739882114058154,0.00030761818747396534,0.0003076181874739656
0.56,0.0047635264308696626,0.00030717195933013325,0.00030717195933013325
0.5607500000000001,0.004752961964410225,0.00030672061310074874,0.0003067206131007485
0.5615,0.004742295778072974,0.00030626416696976825,0.00030626416696976814
0.56225,0.004731528843287194,0.00030580263932402323,0.00030580263932402334
0.563,0.004720662136676753,0.0003053360487523811,0.00030533604875238095
0.56375,0.004709696639871313,0.00030486441404489295,0.0003048644140448928
0.5645,0.004698633339318173,0.00030438775419193697,0.0003043877541919372
0.56525,0.00468747322609469,0.00030390608838335066,0.00030390608838335066
0.5660000000000001,0.004676217295721417,0.0003034194360075488,0.00030341943600754916
0.5667500000000001,0.004664866547975974,0.0003029278166506417,0.0003029278166506415
0.5675,0.0046534219867077065,0.0003024312500955322,0.00030243125009553226
0.56825,0.00464188461965322,0.0003019297563210152,0.00030192975632101503
0.569,0.0046302554582528105,0.0003014233555008579,0.0003014233555008578
0.56975,0.004618535517467846,0.0003009120680028771,0.0003009120680028773
0.5705,0.004606725815599184,0.0003003959143880055,0.0003003959143880053
0.57125,0.0045948273741066225,0.0002998749154093453,0.00029987491540934527
0.5720000000000001,0.004582841217429467,0.00029934909201121963,0.0002993490920112193
0.5727500000000001,0.004570768372808271,0.00029881846532820697,0.00029881846532820675
0.5735,0.004558609870107753,0.000298283056684173,0.00029828305668417297
0.5742499999999999,0.00454636674164098,0.00029774288759128913,0.0002977428875912893
0.575,0.004534040021994822,0.0002971979797490436,0.0002971979797490438
0.57575,0.004521630747856765,0.0002966483550432435,0.0002966483550432432
0.5765,0.004509139957843063,0.0002960940355450052,0.00029609403554500536
0.57725,0.004496568692328332,0.0002955350435097433,0.00029553504350974304
0.5780000000000001,0.004483917993276574,0.00029497140137613913,0.00029497140137613886
0.57875,0.004471188904073695,0.0002944031317651104,0.0002944031317651106
0.5795,0.004458382469361539,0.00029383025747876853,0.0002938302574787684
0.5802499999999999,0.0044454997348734974,0.00029325280149936317,0.0002932528014993634
0.581,0.004432541747271673,0.000292670786988226,0.0002926707869882257
0.58175,0.004419509553985701,0.00029208423728469576,0.00029208423728469603
0.5825,0.004406404203053189,0.000291493175905047,0.00029149317590504686
0.58325,0.004393226742961865,0.0002908976265413954,0.00029089762654139535
0.5840000000000001,0.0043799782224934,0.00029029761306060767,0.0002902976130606079
0.58475,0.004366659690569007,0.0002896931595031955,0.00028969315950319553
0.5855,0.004353272196096738,0.00028908429008220104,0.00028908429008220104
0.5862499999999999,0.004339816787820637,0.00028847102918207754,0.0002884710291820778
0.587,0.00432629451417163,0.0002878534013575588,0.0002878534013575589
0.58775,0.004312706423120293,0.00028723143133251944,0.00028723143133251955
0.5885,0.004299053562031432,0.0002866051439988295,0.0002866051439988294
0.58925,0.0042853369775205435,0.00028597456441519734,0.0002859745644151975
0.5900000000000001,0.004271557715312162,0.0002853397178060079,0.0002853397178060083
0.59075,0.004257716820100103,0.0002847006295601496,0.0002847006295601496
0.5915,0.004243815335409605,0.00028405732522983183,0.000284057325229832
0.5922499999999999,0.004229854303461444,0.00028340983052940055,0.00028340983052940055
0.593,0.004215834765037944,0.00028275817133413734,0.0002827581713341373
0.59375,0.00420175775935097,0.0002821023736790569,0.00028210237367905694
0.5945,0.004187624323911883,0.000281442463757693,0.00028144246375769297
0.5952500000000001,0.004173435494403472,0.0002807784679208765,0.00028077846792087666
0.5960000000000001,0.004159192304553858,0.00028011041267550767,0.0002801104126755078
0.59675,0.004144895786012412,0.0002794383246833169,0.000279438324683317
0.5975,0.004130546968227654,0.000278762230759621,0.0002787622307596207
0.59825,0.004116146878327178,0.00027808215787206804,0.00027808215787206793
0.599,0.0041016965409995535,0.0002773981331393788,0.00027739813313937863
0.59975,0.004087196978378292,0.00027671018383007546,0.00027671018383007556
0.6005,0.004072649209927783,0.0002760183373612068,0.0002760183373612069
0.6012500000000001,0.004058054252331272,0.00027532262129706164,0.00027532262129706186
0.6020000000000001,0.004043413119380857,0.00027462306334787864,0.00027462306334787874
0.60275,0.00402872682186951,0.0002739196913685445,0.0002739196913685448
0.6035,0.004013996367485098,0.0002732125333572883,0.0002732125333572885
0.60425,0.003999222760706453,0.0002725016174543651,0.00027250161745436544
0.605,0.003984407002701433,0.00027178697194073464,0.00027178697194073443
0.60575,0.003969550091227012,0.0002710686252367285,0.00027106862523672867
0.6065,0.0039546530205313655,0.00027034660590071776,0.00027034660590071765
0.6072500000000001,0.003939716781257976,0.00026962094262776256,0.0002696209426277624
0.608,0.0039247423603517234,0.00026889166424826327,0.00026889166424826327
0.60875,0.00390973074096697,0.0002681587997266004,0.00026815879972660027
0.6094999999999999,0.0038946829023776552,0.00026742237815976675,0.0002674223781597671
0.61025,0.0038795998198893275,0.00026668242877599606,0.000266682428775996
0.611,0.003864482464753185,0.00026593898093337805,0.00026593898093337805
0.61175,0.0038493318040820476,0.00026519206411847375,0.000265192064118474
0.6125,0.003834148800768314,0.00026444170794491956,0.00026444170794491967
0.6132500000000001,0.003818934413403829,0.00026368794215202314,0.0002636879421520233
0.614,0.0038036895962017,0.0002629307966033571,0.00026293079660335704
0.61475,0.0037884152989200257,0.00026217030128534,0.00026217030128534015
0.6154999999999999,0.0037731124667875512,0.00026140648630581663,0.0002614064863058169
0.61625,0.0037577820404311865,0.00026063938189262604,0.0002606393818926262
0.617,0.0037424249558054516,0.0002598690183921658,0.0002598690183921658
0.61775,0.0037270421441237492,0.0002590954262679489,0.0002590954262679489
0.6185,0.003711634531791524,0.00025831863609915436,0.0002583186360991544
0.6192500000000001,0.003696203040341256,0.000257538678579171,0.0002575386785791709
0.62,0.003680748586369278,0.000256755584514133,0.0002567555845141333
0.62075,0.0036652720814744043,0.00025596938482145377,0.0002559693848214539
0.6214999999999999,0.0036497744321983797,0.00025518011052834655,0.00025518011052834655
0.62225,0.0036342565399680696,0.00025438779277034423,0.0002543877927703444
0.623,0.003618719301039461,0.0002535924627898114,0.0002535924627898116
0.62375,0.003603163606443383,0.0002527941519344485,0.00025279415193444867
0.6245,0.003587590341932973,0.0002519928916557914,0.0002519928916557913
0.62525,0.0035720003879328496,0.0002511887135077036,0.0002511887135077036
0.626,0.003556394619489996,0.00025038164914486464,0.00025038164914486437
0.62675,0.003540773906226316,0.0002495717303212486,0.00024957173032124865
0.6275000000000001,0.00352513911229286,0.00024875898888860183,0.00024875898888860194
0.62825,0.0035094910963256905,0.0002479434567949099,0.00024794345679490944
0.629,0.003493830711403369,0.0002471251660828583,0.00024712516608285835
0.62975,0.0034781588050060643,0.00024630414888829615,0.0002463041488882961
0.6305000000000001,0.0034624762189762524,0.000245480437438681,0.0002454804374386809
0.63125,0.0034467837894809634,0.00024465406405152804,0.0002446540640515278
0.632,0.003431082346975601,0.0002438250611328487,0.00024382506113284838
0.63275,0.0034153727161692956,0.00024299346117558624,0.00024299346117558608
0.6335000000000001,0.00339965571599176,0.00024215929675804447,0.00024215929675804417
0.63425,0.0033839321595616405,0.00024132260054230995,0.00024132260054230987
0.635,0.0033682028541563427,0.00024048340527267202,0.0002404834052726719
0.63575,0.0033524686011833257,0.00023964174377403392,0.00023964174377403373
0.6365000000000001,0.0033367301961527984,0.00023879764895032047,0.00023879764895032066
0.63725,0.0033209884286518766,0.00023795115378288213,0.00023795115378288237
0.638,0.003305244082320076,0.00023710229132888912,0.00023710229132888915
0.63875,0.0032894979348262444,0.00023625109471972508,0.00023625109471972491
0.6395,0.003273750757846799,0.00023539759715937334,0.0002353975971593734
0.64025,0.003258003317045321,0.00023454183192280002,0.00023454183192279988
0.641,0.0032422563720534625,0.00023368383235432863,0.00023368383235432887
0.64175,0.003226510676453143,0.0002328236318660157,0.00023282363186601565
0.6425,0.003210766977760032,0.00023196126393601395,0.00023196126393601382
0.64325,0.0031950260174082616,0.0002310967621069373,0.0002310967621069375
0.644,0.0031792885307364077,0.0002302301599842199,0.0002302301599842199
0.64475,0.003163555246974654,0.0002293614912344664,0.00022936149123446606
0.6455,0.003147826889233174,0.00022849078958380188,0.00022849078958380204
0.64625,0.003132104174491666,0.00022761808881621858,0.00022761808881621853
0.647,0.0031163878135900703,0.00022674342277191135,0.00022674342277191148
0.64775,0.0031006785112203923,0.00022586682534561715,0.00022586682534561729
0.6485,0.003084976965919657,0.00022498833048494382,0.00022498833048494407
0.64925,0.0030692838700639526,0.00022410797218869814,0.0002241079721886983
0.65,0.0030535999098635597,0.0002232257845052084,0.00022322578450520835
0.65075,0.0030379257653591267,0.00022234180153064262,0.00022234180153064275
0.6515,0.00302226211041888,0.00022145605740732564,0.00022145605740732548
0.65225,0.003006609612736857,0.00022056858632204588,0.00022056858632204583
0.653,0.0029909689338321393,0.00021967942250436664,0.00021967942250436642
0.65375,0.0029753407290490684,0.00021878860022492568,0.00021878860022492565
0.6545,0.0029597256475584043,0.0002178961537937372,0.00021789615379373746
0.65525,0.002944124332359435,0.00021700211755848624,0.00021700211755848616
0.656,0.0029285374202830225,0.00021610652590282027,0.00021610652590281986
0.6567500000000001,0.002912965541995529,0.00021520941324463806,0.0002152094132446379
0.6575,0.0028974093220036465,0.00021431081403437617,0.0002143108140343765
0.65825,0.0028818693786600747,0.0002134107627532896,0.0002134107627532898
0.659,0.0028663463241700754,0.00021250929391172918,0.00021250929391172896
0.6597500000000001,0.00285084076459883,0.0002116064420474168,0.0002116064420474168
0.6605,0.0028353532998796243,0.00021070224172371977,0.0002107022417237198
0.66125,0.002819884523822826,0.0002097967275279165,0.0002097967275279164
0.662,0.002804435024125643,0.00020888993406946376,0.00020888993406946348
0.6627500000000001,0.0027890053823826336,0.00020798189597825864,0.00020798189597825859
0.6635,0.002773596174096968,0.00020707264790290013,0.00020707264790290007
0.66425,0.002758207968692409,0.00020616222450894347,0.0002061622245089434
0.665,0.0027428413295260074,0.00020525066047715629,0.00020525066047715626
0.6657500000000001,0.002727496813901489,0.0002043379905017697,0.00020433799050176968
0.6665,0.0027121749730833165,0.00020342424928872715,0.00020342424928872712
0.66725,0.002696876352311402,0.00020250947155393034,0.0002025094715539304
0.668,0.002681601490816478,0.00020159369202148465,0.00020159369202148438
0.6687500000000001,0.002666350921836093,0.00020067694542193808,0.00020067694542193798
0.6695,0.0026511251726312043,0.00019975926649052372,0.00019975926649052372
0.67025,0.002635924764503374,0.0001988406899653941,0.00019884068996539413
0.671,0.0026207502128125617,0.00019792125058585785,0.00019792125058585753
0.67175,0.002605602026995459,0.00019700098309060994,0.00019700098309061005
0.6725,0.0025904807105843774,0.0001960799222159662,0.0001960799222159664
0.67325,0.0025753867612266917,0.00019515810269408914,0.00019515810269408895
0.674,0.0025603206707047734,0.00019423555925121477,0.0001942355592512146
0.67475,0.002545282924956458,0.0001933123266058802,0.0001933123266058799
0.6755,0.0025302740040959817,0.00019238843946714425,0.00019238843946714417
0.67625,0.00251529438243541,0.00019146393253281204,0.00019146393253281194
0.677,0.002500344528506524,0.00019053884048765243,0.00019053884048765267
0.67775,0.0024854249050831664,0.0001896131980016202,0.00018961319800162016
0.6785,0.00247053596920399,0.00018868703972806894,0.00018868703972806902
0.67925,0.002455678172195682,0.00018776040030197194,0.0001877604003019718
0.68,0.002440851959696553,0.0001868333143381333,0.0001868333143381333
0.68075,0.0024260577716805516,0.00018590581642940446,0.00018590581642940446
0.6815,0.002411296042481633,0.00018497794114489483,0.0001849779411448947
0.68225,0.0023965672008185307,0.00018404972302818397,0.00018404972302818405
0.683,0.002381871669819877,0.00018312119659553375,0.00018312119659553378
0.68375,0.002367209867049653,0.00018219239633409615,0.00018219239633409615
0.6845,0.002352582204532995,0.00018126335670012343,0.00018126335670012327
0.68525,0.002337989088782316,0.00018033411211717656,0.00018033411211717656
0.686,0.002323430920823738,0.00017940469697433353,0.0001794046969743338
0.68675,0.002308908096223824,0.00017847514562439683,0.0001784751456243971
0.6875,0.002294421005116594,0.0001775454923820993,0.00017754549238209924
0.68825,0.002279970032230829,0.0001766157715223111,0.00017661577152231116
0.6890000000000001,0.0022655555569176438,0.00017568601727824788,0.0001756860172782478
0.68975,0.0022511779531782885,0.00017475626383967505,0.0001747562638396748
0.6905,0.002236837589692231,0.00017382654535111396,0.00017382654535111398
0.69125,0.0022225348298454527,0.00017289689591005038,0.00017289689591005035
0.6920000000000001,0.0022082700317589774,0.00017196734956513804,0.0001719673495651378
0.69275,0.002194043548317609,0.00017103794031440611,0.00017103794031440592
0.6935,0.002179855727198876,0.00017010870210346587,0.00017010870210346603
0.69425,0.0021657069109021817,0.00016917966882371886,0.00016917966882371902
0.6950000000000001,0.002151597436778124,0.0001682508743105627,0.00016825087431056245
0.69575,0.0021375276370580055,0.00016732235234159836,0.00016732235234159863
0.6965,0.002123497838883494,0.00016639413663484273,0.0001663941366348427
0.69725,0.002109508364336472,0.00016546626084693264,0.0001654662608469327
0.6980000000000001,0.0020955595304689967,0.00016453875857133906,0.0001645387585713392
0.69875,0.00208165164933344,0.00016361166333657653,0.00016361166333657643
0.6995,0.0020677850280127236,0.00016268500860441336,0.0001626850086044134
0.70025,0.002053959968650718,0.00016175882776808814,0.0001617588277680881
0.7010000000000001,0.002040176768482724,0.00016083315415052046,0.0001608331541505206
0.70175,0.0020264357198660826,0.00015990802100252887,0.00015990802100252874
0.7025,0.002012737110310874,0.00015898346150104424,0.00015898346150104419
0.70325,0.0019990812225107214,0.00015805950874733132,0.00015805950874733124
0.704,0.001985468334373673,0.00015713619576520585,0.00015713619576520588
0.70475,0.001971898719053158,0.00015621355549925645,0.00015621355549925642
0.7055,0.001958372644979024,0.00015529162081306694,0.00015529162081306708
0.70625,0.0019448903758886326,0.00015437042448744194,0.00015437042448744192
0.707,0.0019314521708580154,0.00015344999921863142,0.00015344999921863148
0.70775,0.0019180582843330645,0.00015253037761656064,0.00015253037761656056
0.7085,0.0019047089661608002,0.00015161159220305936,0.00015161159220305933
0.70925,0.0018914044616206418,0.00015069367541009526,0.00015069367541009534
0.71,0.0018781450114557306,0.00014977665957800824,0.00014977665957800838
0.71075,0.0018649308519042632,0.0001488605769537471,0.00014886057695374707
0.7115,0.0018517622147308619,0.00014794545968910925,0.00014794545968910917
0.71225,0.0018386393272579408,0.00014703133983898263,0.00014703133983898277
0.713,0.0018255624123970893,0.00014611824935959145,0.00014611824935959123
0.71375,0.001812531688680447,0.00014520622010673985,0.00014520622010674
0.7145,0.0017995473702920933,0.00014429528383406716,0.00014429528383406724
0.71525,0.0017866096670994078,0.0001433854721912963,0.00014338547219129637
0.716,0.0017737187846844317,0.00014247681672249215,0.00014247681672249218
0.71675,0.0017608749243751885,0.00014156934886431921,0.00014156934886431924
0.7175,0.001748078283277013,0.00014066309994430497,0.00014066309994430502
0.71825,0.001735329054303817,0.0001397581011791047,0.0001397581011791046
0.719,0.0017226274262093534,0.00013885438367276968,0.0001388543836727697
0.71975,0.0017099735836184017,0.0001379519784150208,0.00013795197841502078
0.7205,0.0016973677070579512,0.0001370509162795233,0.0001370509162795232
0.7212500000000001,0.0016848099729883119,0.00013615122802216679,0.00013615122802216652
0.722,0.001672300553834181,0.0001352529442793478,0.0001352529442793478
0.72275,0.0016598396180156469,0.00013435609556625838,0.00013435609556625825
0.7235,0.0016474273299791511,0.00013346071227517538,0.00013346071227517527
0.7242500000000001,0.0016350638502283577,0.00013256682467375667,0.0001325668246737567
0.725,0.0016227493353549855,0.00013167446290334066,0.00013167446290334069
0.72575,0.0016104839380695383,0.00013078365697724844,0.0001307836569772485
0.7265,0.0015982678072319918,0.0001298944367790933,0.0001298944367790933
0.7272500000000001,0.0015861010878823708,0.00012900683206109196,0.00012900683206109201
0.728,0.0015739839212712686,0.00012812087244238238,0.00012812087244238238
0.72875,0.0015619164448902629,0.0001272365874073441,0.0001272365874073441
0.7295,0.0015498987925022575,0.00012635400630392596,0.0001263540063039259
0.7302500000000001,0.0015379310941717197,0.00012547315834197652,0.00012547315834197644
0.731,0.0015260134762948325,0.00012459407259158035,0.0001245940725915803
0.73175,0.0015141460616295375,0.00012371677798139912,0.00012371677798139917
0.7325,0.001502328969325495,0.0001228413032970186,0.00012284130329701868
0.73325,0.0014905623149539223,0.00012196767717930007,0.00012196767717930004
0.734,0.0014788462105373257,0.00012109592812273621,0.00012109592812273636
0.73475,0.0014671807645791476,0.0001202260844738161,0.00012022608447381627
0.7355,0.0014555660820932727,0.00011935817442939147,0.00011935817442939145
0.73625,0.001444002264633435,0.00011849222603505064,0.00011849222603505068
0.737,0.001432489410322506,0.00011762826718349905,0.00011762826718349899
0.73775,0.0014210276138816665,0.00011676632561294409,0.00011676632561294408
0.7385,0.001409616966659456,0.00011590642890548705,0.00011590642890548713
0.73925,0.001398257556660698,0.00011504860448552107,0.000115048604485521
0.74,0.0013869494685752916,0.00011419287961813342,0.00011419287961813336
0.74075,0.0013756927838069065,0.00011333928140751777,0.00011333928140751779
0.7415,0.0013644875805015086,0.00011248783679539011,0.00011248783679539003
0.74225,0.0013533339335757874,0.00011163857255941114,0.0001116385725594112
0.743,0.001342231914745425,0.00011079151531161731,0.00011079151531161734
0.74375,0.0013311815925532594,0.00010994669149685661,0.00010994669149685666
0.7445,0.0013201830323972855,0.00010910412739123264,0.00010910412739123267
0.74525,0.0013092362965585356,0.00010826384910055472,0.00010826384910055465
0.746,0.0012983414442288097,0.00010742588255879502,0.00010742588255879495
0.74675,0.001287498531538275,0.00010659025352655443,0.00010659025352655425
0.7475,0.001276707611582919,0.00010575698758953338,0.00010575698758953331
0.74825,0.0012659687344518632,0.00010492611015701259,0.00010492611015701257
0.749,0.0012552819472545166,0.00010409764646033858,0.0001040976464603386
0.74975,0.0012446472941476158,0.00010327162155141962,0.0001032716215514196
0.7505000000000001,0.0012340648163620838,0.00010244806030122717,0.00010244806030122717
0.75125,0.0012235345522297633,0.00010162698739830672,0.00010162698739830679
0.752,0.0012130565372099884,0.00010080842734729557,0.00010080842734729567
0.75275,0.0012026308039160215,9.999240446744959e-05,9.999240446744962e-05
0.7535000000000001,0.001192257382141321,9.917894289117698e-05,9.917894289117709e-05
0.75425,0.0011819362988856764,9.836806656258234e-05,9.836806656258225e-05
0.755,0.0011716675783811636,9.755979923601574e-05,9.755979923601565e-05
0.75575,0.0011614512421179875,9.675416447463484e-05,9.67541644746348e-05
0.7565000000000001,0.0011512873088701293,9.595118564897197e-05,9.5951185648972e-05
0.75725,0.0011411757947208702,9.515088593551185e-05,9.515088593551182e-05
0.758,0.0011311167130881317,9.435328831527645e-05,9.435328831527658e-05
0.75875,0.0011211100747496932,9.355841557242212e-05,9.355841557242218e-05
0.7595000000000001,0.0011111558878682205,9.276629029284174e-05,9.276629029284178e-05
0.76025,0.0011012541580161632,9.197693486277929e-05,9.197693486277929e-05
0.761,0.0010914048882004696,9.119037146745177e-05,9.119037146745181e-05
0.76175,0.0010816080788871732,9.040662208968241e-05,9.040662208968235e-05
0.7625000000000001,0.001071863728025793,8.962570850854117e-05,8.962570850854113e-05
0.76325,0.0010621718310735956,8.88476522979973e-05,8.884765229799726e-05
0.764,0.00105253238101968,8.807247482557952e-05,8.807247482557955e-05
0.76475,0.0010429453684089236,8.730019725104847e-05,8.730019725104833e-05
0.7655,0.0010334107813657536,8.653084052507631e-05,8.653084052507634e-05
0.76625,0.0010239286056177577,8.576442538793965e-05,8.576442538793965e-05
0.767,0.0010144988245191526,8.500097236822003e-05,8.500097236822018e-05
0.76775,0.0010051214190740696,8.424050178151718e-05,8.424050178151709e-05
0.7685,0.000995796367959695,8.348303372916974e-05,8.348303372916971e-05
0.76925,0.0009865236475492434,8.272858809699028e-05,8.272858809699023e-05
0.77,0.000977303231934779,8.197718455400831e-05,8.197718455400831e-05
0.77075,0.0009681350929498642,8.122884255122551e-05,8.122884255122558e-05
0.7715,0.0009590192001920605,8.048358132038152e-05,8.048358132038149e-05
0.77225,0.000949955521045255,7.974141987272998e-05,7.974141987273e-05
0.773,0.000940944020701844,7.90023769978284e-05,7.900237699782841e-05
0.77375,0.000931984662184743,7.826647126233639e-05,7.826647126233632e-05
0.7745,0.0009230774063692417,7.753372100882714e-05,7.753372100882714e-05
0.77525,0.000914222212004697,7.680414435460999e-05,7.680414435460996e-05
0.776,0.0009054190357360726,7.607775919056485e-05,7.607775919056493e-05
0.77675,0.0008966678321253095,7.535458317998865e-05,7.53545831799888e-05
0.7775,0.0008879685536725503,7.463463375745345e-05,7.46346337574534e-05
0.77825,0.0008793211508371809,7.39179281276756e-05,7.391792812767556e-05
0.779,0.0008707255720587476,7.320448326440011e-05,7.320448326440016e-05
0.77975,0.000862181763777689,7.249431590929467e-05,7.249431590929471e-05
0.7805,0.0008536896704559182,7.178744257085679e-05,7.178744257085671e-05
0.78125,0.0008452492345972434,7.108387952333338e-05,7.108387952333335e-05
0.782,0.0008368603967676448,7.03836428056546e-05,7.038364280565467e-05
0.7827500000000001,0.0008285230956153797,6.968674822037876e-05,6.968674822037866e-05
0.7835,0.0008202372678909322,6.899321133265001e-05,6.899321133264996e-05
0.78425,0.0008120028484668143,6.830304746917104e-05,6.830304746917102e-05
0.785,0.0008038197703572079,6.761627171718753e-05,6.76162717171875e-05
0.7857500000000001,0.0007956879647374505,6.693289892348605e-05,6.693289892348601e-05
0.7865,0.0007876073609633653,6.625294369340595e-05,6.625294369340596e-05
0.78725,0.0007795778865904352,6.557642038986437e-05,6.557642038986436e-05
0.788,0.0007715994673928321,6.490334313239549e-05,6.490334313239541e-05
0.7887500000000001,0.0007636720273822802,6.423372579620297e-05,6.423372579620301e-05
0.7895,0.0007557954888267776,6.356758201122776e-05,6.356758201122766e-05
0.79025,0.0007479697722691527,6.290492516122707e-05,6.290492516122712e-05
0.791,0.0007401947965454856,6.224576838287208e-05,6.224576838287215e-05
0.7917500000000001,0.0007324704788033634,6.15901245648557e-05,6.159012456485574e-05
0.7925,0.000724796734519994,6.093800634701745e-05,6.093800634701741e-05
0.79325,0.0007171734775201577,6.028942611948152e-05,6.028942611948146e-05
0.794,0.0007096006199940312,5.964439602181121e-05,5.964439602181122e-05
0.7947500000000001,0.0007020780725148392,5.900292794217689e-05,5.900292794217691e-05
0.7955,0.0006946057440563747,5.8365033516539487e-05,5.8365033516539446e-05
0.79625,0.0006871835420103559,5.7730724127848515e-05,5.773072412784853e-05
0.797,0.000679811372203658,5.7100010905257165e-05,5.7100010905257205e-05
0.79775,0.0006724891389153744,5.647290472335093e-05,5.647290472335089e-05
0.7985,0.0006652167448937492,5.584941620139204e-05,5.584941620139203e-05
0.79925,0.0006579940913729591,5.5229555702581216e-05,5.522955570258123e-05
0.8,0.0006508210780897517,5.461333333333324e-05,5.46133333333333e-05
0.80075,0.0006436976032999375,5.4000758942569866e-05,5.400075894256988e-05
0.8015,0.0006366235637947408,5.339184212102759e-05,5.3391842121027545e-05
0.80225,0.0006295988549170115,5.278659220058303e-05,5.278659220058304e-05
0.803,0.0006226233705772937,5.218501825359412e-05,5.218501825359407e-05
0.80375,0.0006156970032697481,5.1587129092257066e-05,5.158712909225704e-05
0.8045,0.0006088196440879397,5.099293326798086e-05,5.0992933267980883e-05
0.80525,0.0006019911827404894,5.0402439070778734e-05,5.0402439070778694e-05
0.806,0.000595211507566579,4.98156545286752e-05,4.9815654528675186e-05
0.80675,0.0005884805055513256,4.923258740713192e-05,4.923258740713186e-05
0.8075,0.0005817980623410093,4.865324520848882e-05,4.865324520848883e-05
0.80825,0.0005751640622581804,4.807763517142472e-05,4.8077635171424735e-05
0.809,0.0005685783883166139,4.7505764270433324e-05,4.750576427043333e-05
0.80975,0.0005620409222361419,4.693763921531819e-05,4.693763921531819e-05
0.8105,0.0005555515444573416,4.637326645070454e-05,4.637326645070454e-05
0.81125,0.0005491101341561034,4.581265215556998e-05,4.581265215556997e-05
0.812,0.0005427165692580512,4.5255802242792115e-05,4.525580224279213e-05
0.81275,0.000536370726452844,4.470272235871521e-05,4.4702722358715175e-05
0.8135,0.0005300724812083369,4.415341788273411e-05,4.415341788273404e-05
0.81425,0.0005238217077846192,4.360789392689787e-05,4.360789392689787e-05
0.8150000000000001,0.0005176182792479211,4.306615533553125e-05,4.3066155335531246e-05
0.81575,0.0005114620674843884,4.25282066848746e-05,4.25282066848746e-05
0.8165,0.0005053529432137325,4.199405228274313e-05,4.1994052282743074e-05
0.81725,0.0004992907760027559,4.1463696168204985e-05,4.146369616820494e-05
0.8180000000000001,0.000493275434278747,4.0937142111278635e-05,4.093714211127867e-05
0.81875,0.00048730678534275303,4.0414393612649496e-05,4.04143936126495e-05
0.8195,0.00048138469538272326,3.9895453903405113e-05,3.9895453903405086e-05
0.82025,0.0004755090294865378,3.938032594479143e-05,3.938032594479137e-05
0.8210000000000001,0.00046967965165490406,3.886901242798755e-05,3.8869012427987564e-05
0.82175,0.00046389642481413937,3.8361515773901176e-05,3.8361515773901196e-05
0.8225,0.00045815921082882106,3.785783813298288e-05,3.7857838132982905e-05
0.82325,0.0004524678705143311,3.7357981385061976e-05,3.7357981385061976e-05
0.8240000000000001,0.00044682226364926826,3.6861947139201464e-05,3.686194713920148e-05
0.82475,0.0004412222489877499,3.636973673357426e-05,3.636973673357424e-05
0.8255,0.00043566768427158854,3.5881351235358985e-05,3.588135123535895e-05
0.82625,0.0004301584262423586,3.53967914406577e-05,3.5396791440657705e-05
0.8270000000000001,0.00042469433065334215,3.491605787443369e-05,3.491605787443367e-05
0.82775,0.00041927525228135996,3.443915079047019e-05,3.443915079047018e-05
0.8285,0.0004139010449384867,3.3966070171350616e-05,3.3966070171350596e-05
0.82925,0.00040857156148365757,3.349681572846013e-05,3.349681572846011e-05
0.83,0.0004032866538341552,3.3031386902008345e-05,3.303138690200836e-05
0.83075,0.0003980461729769855,3.256978286107369e-05,3.2569782861073676e-05
0.8315,0.00039284996898014733,3.211200250366967e-05,3.211200250366965e-05
0.83225,0.00038769789100378583,3.165804445683298e-05,3.165804445683294e-05
0.833,0.00038258978731123803,3.120790707673338e-05,3.120790707673341e-05
0.83375,0.00037752550527996715,3.0761588448806215e-05,3.076158844880621e-05
0.8345,0.00037250489141239416,3.031908638790671e-05,3.0319086387906698e-05
0.83525,0.0003675277913466158,2.9880398438487267e-05,2.988039843848729e-05
0.836,0.00036259404986702115,2.944552187479722e-05,2.9445521874797226e-05
0.83675,0.0003577035109147957,2.901445370110483e-05,2.901445370110483e-05
0.8375,0.0003528560175983281,2.85871906519433e-05,2.8587190651943274e-05
0.83825,0.0003480514122035083,2.816372919237882e-05,2.8163729192378793e-05
0.839,0.00034328953620392283,2.7744065518302498e-05,2.774406551830252e-05
0.83975,0.00033857023027094484,2.7328195556745307e-05,2.732819555674531e-05
0.8405,0.0003338933342837308,2.691611496621676e-05,2.6916114966216744e-05
0.84125,0.0003292586873391053,2.650781913706714e-05,2.6507819137067155e-05
0.842,0.00032466612776135405,2.610330319187389e-05,2.61033031918739e-05
0.84275,0.00032011549311191035,2.570256198585125e-05,2.570256198585125e-05
0.8435,0.0003156066201989503,2.5305590107284942e-05,2.530559010728497e-05
0.8442500000000001,0.00031113934508688495,2.4912381877990694e-05,2.4912381877990667e-05
0.845,0.0003067135031057555,2.4522931353796904e-05,2.452293135379692e-05
0.84575,0.00030232892886053394,2.4137232325052625e-05,2.4137232325052628e-05
0.8465,0.0002979854562403293,2.375527831715971e-05,2.3755278317159713e-05
0.8472500000000001,0.00029368291842749424,2.3377062591130202e-05,2.33770625911302e-05
0.848,0.00028942114790664314,2.3002578144168577e-05,2.300257814416861e-05
0.84875,0.0002851999764735708,2.2631817710279345e-05,2.2631817710279348e-05
0.8495,0.0002810192352440864,2.2264773760899942e-05,2.226477376089992e-05
0.8502500000000001,0.0002768787546627481,2.1901438505559198e-05,2.190143850555922e-05
0.851,0.0002727783645115124,2.154180389256175e-05,2.1541803892561757e-05
0.85175,0.000268717893918287,2.1185861609697463e-05,2.1185861609697446e-05
0.8525,0.00026469717136540135,2.0833603084977982e-05,2.083360308497795e-05
0.8532500000000001,0.00026071602469798343,2.04850194873986e-05,2.0485019487398587e-05
0.854,0.00025677428113225027,2.0140101727726967e-05,2.0140101727726944e-05
0.85475,0.0002528717672637094,1.9798840459317595e-05,1.979884045931759e-05
0.8555,0.00024900830907527666,1.9461226078954015e-05,1.9461226078953995e-05
0.8562500000000001,0.0002451837319453063,1.9127248727716664e-05,1.912724872771667e-05
0.857,0.00024139786065553644,1.8796898291878603e-05,1.879689829187861e-05
0.85775,0.00023765051939894822,1.847016440382755e-05,1.8470164403827528e-05
0.8585,0.0002339415317875446,1.8147036443015812e-05,1.814703644301584e-05
0.8592500000000001,0.00023027072086004568,1.782750353693762e-05,1.7827503536937597e-05
0.86,0.00022663790908949787,1.7511554562133332e-05,1.751155456213334e-05
0.86075,0.0002230429183908052,1.7199178145222324e-05,1.7199178145222328e-05
0.8615,0.00021948557012818073,1.6890362663963225e-05,1.6890362663963238e-05
0.86225,0.00021596568512251475,1.6585096248342454e-05,1.658509624834246e-05
0.863,0.00021248308365866254,1.628336678169067e-05,1.628336678169067e-05
0.86375,0.00020903758549266008,1.5985161901828156e-05,1.598516190182814e-05
0.8645,0.00020562900985885368,1.5690469002238264e-05,1.569046900223827e-05
0.86525,0.00020225717547695806,1.5399275233269972e-05,1.539927523326997e-05
0.866,0.0001989219005590329,1.5111567503368749e-05,1.5111567503368764e-05
0.86675,0.00019562300281638847,1.482733248033735e-05,1.482733248033735e-05
0.8675,0.0001923602994664128,1.4546556592624938e-05,1.4546556592624921e-05
0.86825,0.00018913360723932438,1.4269226030646125e-05,1.4269226030646121e-05
0.869,0.0001859427423848497,1.3995326748129307e-05,1.3995326748129317e-05
0.86975,0.0001827875206788327,1.3724844463494958e-05,1.3724844463494945e-05
0.8705,0.0001796677574297649,1.3457764661263347e-05,1.3457764661263357e-05
0.87125,0.00017658326748524772,1.3194072593492923e-05,1.3194072593492914e-05
0.872,0.00017353386523838058,1.293375328124805e-05,1.2933753281248059e-05
0.87275,0.00017051936463408253,1.2676791516098141e-05,1.2676791516098128e-05
0.8735,0.00016753957917533895,1.2423171861646341e-05,1.242317186164634e-05
0.87425,0.0001645943219293822,1.2172878655089674e-05,1.217287865508967e-05
0.875,0.00016168340553379993,1.1925896008809415e-05,1.1925896008809408e-05
