eta,gamma,amplitude,T,quadrature_order,h,energy,residual,energy_per_T,residual_per_T,analytic_energy,energy_relative_error
-0.08,14.134725141734695,0.07070352773181222,8.0,32,0.48089834696298783,0.01127778707622122,0.008722663567078253,0.0014097233845276524,0.0010903329458847816,0.011277787076221218,1.5381771833894657e-16
-0.08,14.134725141734695,0.07070352773181222,8.0,64,0.48089834696298783,0.011277787076221223,0.008722663567078265,0.0014097233845276529,0.001090332945884783,0.011277787076221218,4.614531550168398e-16
-0.08,14.134725141734695,0.07070352773181222,8.0,128,0.48089834696298783,0.01127778707622122,0.008722663567078506,0.0014097233845276524,0.0010903329458848132,0.011277787076221218,1.5381771833894657e-16
-0.08,14.134725141734695,0.07070352773181222,16.0,32,0.36067376022224085,0.014414126139185366,0.006389491006416749,0.0009008828836990854,0.0003993431879010468,0.014414126139185362,2.4069769602763413e-16
-0.08,14.134725141734695,0.07070352773181222,16.0,64,0.36067376022224085,0.014414126139185362,0.006389491006416766,0.0009008828836990851,0.0003993431879010479,0.014414126139185362,0.0
-0.08,14.134725141734695,0.07070352773181222,16.0,128,0.36067376022224085,0.014414126139185364,0.006389491006417081,0.0009008828836990852,0.00039934318790106756,0.014414126139185362,1.2034884801381706e-16
-0.08,14.134725141734695,0.07070352773181222,32.0,32,0.28853900817779266,0.015528898849930316,0.003700372336112339,0.0004852780890603224,0.00011563663550351059,0.015528898849930315,1.1170936798165772e-16
-0.08,14.134725141734695,0.07070352773181222,32.0,64,0.28853900817779266,0.01552889884993032,0.0037003723361123523,0.0004852780890603225,0.00011563663550351101,0.015528898849930315,3.351281039449732e-16
-0.08,14.134725141734695,0.07070352773181222,32.0,128,0.28853900817779266,0.015528898849930316,0.003700372336112567,0.0004852780890603224,0.00011563663550351772,0.015528898849930315,1.1170936798165772e-16
-0.08,14.134725141734695,0.07070352773181222,64.0,32,0.24044917348149392,0.015621781624219821,0.0020710969759094107,0.0002440903378784347,3.236089024858454e-05,0.015621781624219816,3.331355253271458e-16
-0.08,14.134725141734695,0.07070352773181222,64.0,64,0.24044917348149392,0.015621781624219821,0.0020710969759094176,0.0002440903378784347,3.236089024858465e-05,0.015621781624219816,3.331355253271458e-16
-0.08,14.134725141734695,0.07070352773181222,64.0,128,0.24044917348149392,0.015621781624219821,0.0020710969759095534,0.0002440903378784347,3.236089024858677e-05,0.015621781624219816,3.331355253271458e-16
-0.08,14.134725141734695,0.07070352773181222,128.0,32,0.20609929155556622,0.01562234049255395,0.001218360501358927,0.00012204953509807773,9.518441416866617e-06,0.015622340492553947,1.11041202616447e-16
-0.08,14.134725141734695,0.07070352773181222,128.0,64,0.20609929155556622,0.01562234049255395,0.0012183605013589263,0.00012204953509807773,9.518441416866612e-06,0.015622340492553947,1.11041202616447e-16
-0.08,14.134725141734695,0.07070352773181222,128.0,128,0.20609929155556622,0.015622340492553951,0.0012183605013590107,0.00012204953509807774,9.51844141686727e-06,0.015622340492553947,2.22082405232894e-16
0.0,14.134725141734695,0.07070352773181222,8.0,32,0.48089834696298783,0.019992501876019975,0.015081938139304323,0.002499062734502497,0.0018852422674130404,0.019992501876019968,3.4707481569528293e-16
0.0,14.134725141734695,0.07070352773181222,8.0,64,0.48089834696298783,0.019992501876019975,0.015081938139304347,0.002499062734502497,0.0018852422674130434,0.019992501876019968,3.4707481569528293e-16
0.0,14.134725141734695,0.07070352773181222,8.0,128,0.48089834696298783,0.01999250187601996,0.015081938139304777,0.002499062734502495,0.0018852422674130972,0.019992501876019968,3.4707481569528293e-16
0.0,14.134725141734695,0.07070352773181222,16.0,32,0.36067376022224085,0.039985009022626916,0.017547959473593104,0.0024990630639141823,0.001096747467099569,0.0399850090226269,3.4707476994593726e-16
0.0,14.134725141734695,0.07070352773181222,16.0,64,0.36067376022224085,0.03998500902262691,0.017547959473593215,0.002499063063914182,0.001096747467099576,0.0399850090226269,1.7353738497296863e-16
0.0,14.134725141734695,0.07070352773181222,16.0,128,0.36067376022224085,0.03998500902262692,0.017547959473594065,0.0024990630639141827,0.001096747467099629,0.0399850090226269,5.206121549189059e-16
0.0,14.134725141734695,0.07070352773181222,32.0,32,0.28853900817779266,0.07997006016169877,0.019027184014794623,0.0024990643800530867,0.000594599500462332,0.07997006016169877,0.0
0.0,14.134725141734695,0.07070352773181222,32.0,64,0.28853900817779266,0.07997006016169879,0.019027184014794748,0.002499064380053087,0.0005945995004623359,0.07997006016169877,1.7353729357904307e-16
0.0,14.134725141734695,0.07070352773181222,32.0,128,0.28853900817779266,0.07997006016169877,0.019027184014795716,0.0024990643800530867,0.0005945995004623661,0.07997006016169877,0.0
0.0,14.134725141734695,0.07070352773181222,64.0,32,0.24044917348149392,0.15994045571446347,0.021400640720145622,0.0024990696205384917,0.00033438501125227535,0.15994045571446341,3.4707385935150835e-16
0.0,14.134725141734695,0.07070352773181222,64.0,64,0.24044917348149392,0.15994045571446341,0.021400640720145695,0.002499069620538491,0.0003343850112522765,0.15994045571446341,0.0
0.0,14.134725141734695,0.07070352773181222,64.0,128,0.24044917348149392,0.15994045571446341,0.021400640720147197,0.002499069620538491,0.00033438501125229996,0.15994045571446341,0.0
0.0,14.134725141734695,0.07070352773181222,128.0,32,0.20609929155556622,0.31988354571123534,0.025026398898183474,0.002499090200869026,0.0001955187413920584,0.3198835457112399,1.422991104729148e-14
0.0,14.134725141734695,0.07070352773181222,128.0,64,0.20609929155556622,0.3198835457112358,0.0250263988981834,0.0024990902008690296,0.00019551874139205782,0.3198835457112399,1.2841627042677677e-14
0.0,14.134725141734695,0.07070352773181222,128.0,128,0.20609929155556622,0.3198835457112358,0.025026398898185,0.0024990902008690296,0.00019551874139207032,0.3198835457112399,1.2841627042677677e-14
0.08,14.134725141734695,0.07070352773181222,8.0,32,0.48089834696298783,0.040553168158349306,0.029542202461548473,0.005069146019793663,0.003692775307693559,0.04055316815834929,3.4221217325426713e-16
0.08,14.134725141734695,0.07070352773181222,8.0,64,0.48089834696298783,0.0405531681583493,0.029542202461548518,0.0050691460197936624,0.0036927753076935648,0.04055316815834929,1.7110608662713357e-16
0.08,14.134725141734695,0.07070352773181222,8.0,128,0.48089834696298783,0.04055316815834925,0.029542202461549403,0.005069146019793656,0.0036927753076936754,0.04055316815834929,1.0266365197628014e-15
0.08,14.134725141734695,0.07070352773181222,16.0,32,0.36067376022224085,0.1863761070610655,0.08000131122567103,0.011648506691316594,0.005000081951604439,0.18637610706106553,1.489223916804684e-16
0.08,14.134725141734695,0.07070352773181222,16.0,64,0.36067376022224085,0.1863761070610655,0.08000131122567175,0.011648506691316594,0.005000081951604484,0.18637610706106553,1.489223916804684e-16
0.08,14.134725141734695,0.07070352773181222,16.0,128,0.36067376022224085,0.18637610706106553,0.08000131122567564,0.011648506691316595,0.005000081951604727,0.18637610706106553,0.0
0.08,14.134725141734695,0.07070352773181222,32.0,32,0.28853900817779266,2.5962441050619227,0.6134105985487094,0.08113262828318508,0.01916908120464717,2.596244105061924,5.131519131628077e-16
0.08,14.134725141734695,0.07070352773181222,32.0,64,0.28853900817779266,2.5962441050619245,0.6134105985487148,0.08113262828318514,0.01916908120464734,2.596244105061924,1.710506377209359e-16
0.08,14.134725141734695,0.07070352773181222,32.0,128,0.28853900817779266,2.596244105061924,0.6134105985487412,0.08113262828318513,0.019169081204648164,2.596244105061924,0.0
0.08,14.134725141734695,0.07070352773181222,64.0,32,0.24044917348149392,436.6655815325387,61.40943866072686,6.822899711445917,0.9595224790738572,436.66558153253845,5.207043675052945e-16
0.08,14.134725141734695,0.07070352773181222,64.0,64,0.24044917348149392,436.6655815325384,61.40943866072585,6.8228997114459125,0.9595224790738414,436.66558153253845,1.3017609187632363e-16
0.08,14.134725141734695,0.07070352773181222,64.0,128,0.24044917348149392,436.66558153253794,61.409438660730615,6.822899711445905,0.9595224790739159,436.66558153253845,1.1715848268869128e-15
0.08,14.134725141734695,0.07070352773181222,128.0,32,0.20609929155556622,12208259.94575283,905400.2863110156,95377.03082619398,7073.439736804809,12208259.94575328,3.692255310067274e-14
0.08,14.134725141734695,0.07070352773181222,128.0,64,0.20609929155556622,12208259.945752924,905400.2863110465,95377.03082619472,7073.43973680505,12208259.94575328,2.9141353893506175e-14
0.08,14.134725141734695,0.07070352773181222,128.0,128,0.20609929155556622,12208259.945752919,905400.2863110816,95377.03082619468,7073.439736805325,12208259.94575328,2.9599071493927735e-14
