N,alpha,sigma,kappa,T,quadrature_order,blocks,h,energy,residual,energy_per_T,residual_per_T,residual_fraction,analytic_energy,energy_relative_error
32,1.0,0.5,1.0,8.0,32,17,0.48089834696298783,0.07013818365894779,0.06672273215083827,0.008767272957368474,0.008340341518854783,0.9513039641186402,0.07013826079068003,1.0997097927410206e-06
32,1.0,0.5,1.0,8.0,64,17,0.48089834696298783,0.0701382607906804,0.06672280928257086,0.00876728259883505,0.008340351160321358,0.9513040176701477,0.07013826079068003,5.342309127528017e-15
32,1.0,0.5,1.0,8.0,128,17,0.48089834696298783,0.07013826079068322,0.06672280928257401,0.008767282598835403,0.008340351160321752,0.9513040176701545,0.07013826079068003,4.550855923449792e-14
32,1.0,0.5,1.0,16.0,32,45,0.36067376022224085,0.13918926993341374,0.10916341391559728,0.008699329370838359,0.00682271336972483,0.7842803828759184,0.13918926993353467,8.688244648099805e-13
32,1.0,0.5,1.0,16.0,64,45,0.36067376022224085,0.13918926993353478,0.10916341391571846,0.008699329370845924,0.006822713369732404,0.7842803828761069,0.13918926993353467,7.97635496727088e-16
32,1.0,0.5,1.0,16.0,128,45,0.36067376022224085,0.13918926993353586,0.10916341391572085,0.008699329370845992,0.006822713369732553,0.784280382876118,0.13918926993353467,8.574581589816196e-15
32,1.0,0.5,1.0,32.0,32,111,0.28853900817779266,0.27844586226170975,0.194938121517612,0.00870143319567843,0.006091816297425375,0.7000934398313692,0.2784458622617092,1.9936066128030053e-15
32,1.0,0.5,1.0,32.0,64,111,0.28853900817779266,0.27844586226170975,0.1949381215176121,0.00870143319567843,0.0060918162974253785,0.7000934398313695,0.2784458622617092,1.9936066128030053e-15
32,1.0,0.5,1.0,32.0,128,111,0.28853900817779266,0.27844586226171036,0.19493812151761483,0.008701433195678449,0.0060918162974254635,0.7000934398313778,0.2784458622617092,4.186573886886311e-15
32,1.0,0.5,1.0,64.0,32,267,0.24044917348149392,0.5555495949271184,0.3414648746437091,0.008680462420736225,0.005335388666307955,0.614643368948015,0.555549594927117,2.597949751366572e-15
32,1.0,0.5,1.0,64.0,64,267,0.24044917348149392,0.5555495949271171,0.34146487464370756,0.008680462420736204,0.005335388666307931,0.6146433689480136,0.555549594927117,1.998422885666594e-16
32,1.0,0.5,1.0,64.0,128,267,0.24044917348149392,0.5555495949271181,0.34146487464371506,0.00868046242073622,0.005335388666308048,0.6146433689480261,0.555549594927117,1.998422885666594e-15
32,2.0,0.5,1.0,8.0,32,17,0.48089834696298783,0.00014608687003884945,0.0001290291360431432,1.826085875485618e-05,1.61286420053929e-05,0.8832356803101469,0.00014608687690245408,4.6983033478142434e-08
32,2.0,0.5,1.0,8.0,64,17,0.48089834696298783,0.00014608687690245443,0.0001290291429067482,1.8260859612806804e-05,1.6128642863343524e-05,0.8832356857960891,0.00014608687690245408,2.412028469149029e-15
32,2.0,0.5,1.0,8.0,128,17,0.48089834696298783,0.0001460868769024565,0.00012902914290675182,1.826085961280706e-05,1.6128642863343978e-05,0.8832356857961016,0.00014608687690245408,1.65131179810972e-14
32,2.0,0.5,1.0,16.0,32,45,0.36067376022224085,0.0002952302185654671,0.00016939520131232795,1.8451888660341694e-05,1.0587200082020497e-05,0.5737732476554214,0.00029523021856547773,3.598947743894799e-14
32,2.0,0.5,1.0,16.0,64,45,0.36067376022224085,0.00029523021856547757,0.0001693952013123392,1.8451888660342348e-05,1.05872000820212e-05,0.5737732476554391,0.00029523021856547773,5.508593485553263e-16
32,2.0,0.5,1.0,16.0,128,45,0.36067376022224085,0.00029523021856547784,0.00016939520131234502,1.8451888660342365e-05,1.0587200082021564e-05,0.5737732476554583,0.00029523021856547773,3.672395657035509e-16
32,2.0,0.5,1.0,32.0,32,111,0.28853900817779266,0.0005927225935598041,0.00024893274491688506,1.852258104874388e-05,7.779148278652658e-06,0.41998187283840804,0.000592722593559804,1.8291898845528175e-16
32,2.0,0.5,1.0,32.0,64,111,0.28853900817779266,0.0005927225935598048,0.000248932744916886,1.85225810487439e-05,7.779148278652687e-06,0.4199818728384091,0.000592722593559804,1.2804329191869722e-15
32,2.0,0.5,1.0,32.0,128,111,0.28853900817779266,0.0005927225935598047,0.000248932744916893,1.8522581048743896e-05,7.779148278652905e-06,0.419981872838421,0.000592722593559804,1.0975139307316904e-15
32,2.0,0.5,1.0,64.0,32,267,0.24044917348149392,0.0011819881383997748,0.0003577002334921429,1.8468564662496482e-05,5.589066148314733e-06,0.30262590788467003,0.0011819881383997735,1.1007239114463642e-15
32,2.0,0.5,1.0,64.0,64,267,0.24044917348149392,0.001181988138399774,0.0003577002334921427,1.846856466249647e-05,5.5890661483147295e-06,0.3026259078846701,0.0011819881383997735,3.669079704821214e-16
32,2.0,0.5,1.0,64.0,128,267,0.24044917348149392,0.0011819881383997746,0.0003577002334921579,1.846856466249648e-05,5.5890661483149675e-06,0.3026259078846828,0.0011819881383997735,9.172699262053036e-16
64,1.0,0.5,1.0,8.0,32,17,0.48089834696298783,0.0771657996199918,0.0737690206584167,0.009645724952498975,0.009221127582302088,0.9559807715554978,0.07708429842447534,0.0010572995692023329
64,1.0,0.5,1.0,8.0,64,17,0.48089834696298783,0.07708429842447585,0.07368751945583951,0.009635537303059482,0.009210939931979939,0.955934229952623,0.07708429842447534,6.661254748166696e-15
64,1.0,0.5,1.0,8.0,128,17,0.48089834696298783,0.07708429842448072,0.07368751945584472,0.00963553730306009,0.00921093993198059,0.9559342299526301,0.07708429842447534,6.9853157899694e-14
64,1.0,0.5,1.0,16.0,32,45,0.36067376022224085,0.15324890601606722,0.12290007880110805,0.009578056626004201,0.007681254925069253,0.8019638247089523,0.15322247851705648,0.00017247795014491336
64,1.0,0.5,1.0,16.0,64,45,0.36067376022224085,0.15322247851705667,0.12287365130209776,0.009576404907316042,0.00767960320638111,0.8019296678353857,0.15322247851705648,1.2680191000028397e-15
64,1.0,0.5,1.0,16.0,128,45,0.36067376022224085,0.15322247851705909,0.12287365130210133,0.009576404907316193,0.007679603206381333,0.8019296678353962,0.15322247851705648,1.702768505718099e-14
64,1.0,0.5,1.0,32.0,32,111,0.28853900817779266,0.3061188203308554,0.22192675510864482,0.009566213135339232,0.006935211097145151,0.724969326841077,0.30611881321020523,2.326106685809458e-08
64,1.0,0.5,1.0,32.0,64,111,0.28853900817779266,0.30611881321020595,0.22192674798799547,0.009566212912818936,0.0069352108746248585,0.7249693204435711,0.30611881321020523,2.3574015541175302e-15
64,1.0,0.5,1.0,32.0,128,111,0.28853900817779266,0.30611881321020784,0.22192674798799936,0.009566212912818995,0.00693521087462498,0.7249693204435793,0.30611881321020523,8.522913311040301e-15
64,1.0,0.5,1.0,64.0,32,267,0.24044917348149392,0.6106678514697367,0.39603661457487294,0.009541685179214636,0.00618807210273239,0.6485303158201372,0.610667851467869,3.058500934407178e-12
64,1.0,0.5,1.0,64.0,64,267,0.24044917348149392,0.6106678514678695,0.39603661457300576,0.009541685179185461,0.006188072102703215,0.6485303158190625,0.610667851467869,9.090236385921589e-16
64,1.0,0.5,1.0,64.0,128,267,0.24044917348149392,0.6106678514678696,0.396036614573012,0.009541685179185463,0.006188072102703312,0.6485303158190726,0.610667851467869,1.0908283663105907e-15
64,2.0,0.5,1.0,8.0,32,17,0.48089834696298783,0.00014650411804917538,0.00012944111690091473,1.8313014756146923e-05,1.618013961261434e-05,0.8835322762563349,0.00014649885229396704,3.594400315007846e-05
64,2.0,0.5,1.0,8.0,64,17,0.48089834696298783,0.00014649885229396745,0.00012943585114363272,1.831235653674593e-05,1.617948139295409e-05,0.8835280899259484,0.00014649885229396704,2.775283275709371e-15
64,2.0,0.5,1.0,8.0,128,17,0.48089834696298783,0.00014649885229396992,0.00012943585114363676,1.831235653674624e-05,1.6179481392954594e-05,0.8835280899259612,0.00014649885229396704,1.9612001815012888e-14
64,2.0,0.5,1.0,16.0,32,45,0.36067376022224085,0.00029604189543585164,0.00017004591192892497,1.8502618464740728e-05,1.062786949555781e-05,0.5743981326648804,0.00029604093616627836,3.240327455057086e-06
64,2.0,0.5,1.0,16.0,64,45,0.36067376022224085,0.00029604093616627814,0.00017004495265935237,1.8502558510392384e-05,1.0627809541209523e-05,0.5743967535754675,0.00029604093616627836,7.324677367433649e-16
64,2.0,0.5,1.0,16.0,128,45,0.36067376022224085,0.00029604093616627874,0.00017004495265935852,1.850255851039242e-05,1.0627809541209907e-05,0.5743967535754871,0.00029604093616627836,1.2818185393008886e-15
64,2.0,0.5,1.0,32.0,32,111,0.28853900817779266,0.0005943158269528742,0.0002502046959432874,1.857236959227732e-05,7.818896748227731e-06,0.42099618518678145,0.0005943158266868619,4.4759427917138753e-10
64,2.0,0.5,1.0,32.0,64,111,0.28853900817779266,0.0005943158266868625,0.0002502046956772764,1.8572369583964453e-05,7.818896739914887e-06,0.4209961849276245,0.0005943158266868619,1.0945717315282853e-15
64,2.0,0.5,1.0,32.0,128,111,0.28853900817779266,0.0005943158266868626,0.0002502046956772836,1.8572369583964457e-05,7.818896739915112e-06,0.4209961849276365,0.0005943158266868619,1.277000353449666e-15
64,2.0,0.5,1.0,64.0,32,267,0.24044917348149392,0.0011851680910317287,0.0003607479034011523,1.851825142237076e-05,5.636685990643005e-06,0.3043854337042681,0.001185168091031663,5.54374119163374e-14
64,2.0,0.5,1.0,64.0,64,267,0.24044917348149392,0.0011851680910316634,0.0003607479034010876,1.851825142236974e-05,5.636685990641993e-06,0.3043854337042303,0.001185168091031663,3.6592351099892677e-16
64,2.0,0.5,1.0,64.0,128,267,0.24044917348149392,0.0011851680910316643,0.00036074790340110264,1.8518251422369755e-05,5.636685990642229e-06,0.3043854337042428,0.001185168091031663,1.0977705329967802e-15
