index,beta,gamma,abs_zeta
1,0.5,14.13472514173469379045725198356247027078,3.41473e-41
2,0.5,21.02203963877155499262847959389690277733,1.04796e-40
3,0.5,25.01085758014568876321379099256282181866,2.22764e-40
4,0.5,30.42487612585951321031189753058409132018,8.20713e-41
5,0.5,32.93506158773918969066236896407490348881,5.01911e-40
6,0.5,37.58617815882567125721776348070533282141,6.24421e-40
7,0.5,40.91871901214749518739812691463325439573,3.19339e-40
8,0.5,43.32707328091499951949612216540680578265,2.41976e-40
9,0.5,48.00515088116715972794247274942751604169,4.6928e-40
10,0.5,49.77383247767230218191678467856372405772,3.90548e-40
11,0.5,52.97032147771446064414729660888099006383,5.32779e-40
12,0.5,56.44624769706339480436775947670612755278,7.82457e-40
13,0.5,59.3470440026023530796536486749922190311,5.20616e-41
14,0.5,60.83177852460980984425990182452400380291,1.15094e-40
15,0.5,65.11254404808160666087505425318370502935,5.09367e-40
16,0.5,67.07981052949417371447882889652221677011,3.66179e-41
17,0.5,69.54640171117397925292685752655473844301,2.15129e-40
18,0.5,72.06715767448190758252210796982616839048,1.01072e-39
19,0.5,75.70469069908393316832691676203034592281,2.64287e-40
20,0.5,77.1448400688748053726826648563046370158,5.07584e-40
21,0.5,79.33737502024936792276359287711622819061,5.48618e-40
22,0.5,82.91038085408603018316483749477060949751,1.04837e-39
23,0.5,84.73549298051705010573531120682774141711,3.12365e-40
24,0.5,87.42527461312522940653166785091921325217,8.73021e-40
25,0.5,88.80911120763446542368234807950937839545,8.02009e-40
26,0.5,92.49189927055848429625972524181068487872,1.05838e-39
27,0.5,94.65134404051988696659792581520815393773,6.99957e-40
28,0.5,95.87063422824530975874102921924678169526,8.84621e-40
29,0.5,98.83119421819369223332442013862232782066,5.27694e-40
30,0.5,101.3178510057313912287854479402923089063,2.54811e-40
31,0.5,103.7255380404783394163984081086952808345,7.77551e-40
32,0.5,105.4466230523260944936708324141118089973,6.3456e-40
33,0.5,107.1686111842764075151233519630861912135,2.38325e-40
34,0.5,111.0295355431696745246564503099443504153,5.6644e-40
35,0.5,111.8746591769926370856120787167705949603,3.70326e-40
36,0.5,114.3202209154527127658909372761910798099,1.14324e-39
37,0.5,116.2266803208575543821608043120647551273,4.58665e-40
38,0.5,118.7907828659762173229791397026998243473,7.80187e-40
39,0.5,121.370125002420645918945532970499922723,5.26517e-40
40,0.5,122.9468292935525882008174603307700164962,6.8723e-40
41,0.5,124.2568185543457671847320079661299244416,6.75393e-40
42,0.5,127.5166838795964951242793237669060762681,2.70499e-39
43,0.5,129.5787041999560509857680339061799736086,3.42724e-39
44,0.5,131.0876885309326567235663724615013490592,1.98303e-39
45,0.5,133.497737202997586450130492042640607665,2.96695e-39
46,0.5,134.7565097533738713313260641571697361784,2.17405e-39
47,0.5,138.1160420545334432001915551902824478598,5.35925e-40
48,0.5,139.7362089521213889504500465233824608468,1.58575e-39
49,0.5,141.1237074040211237619403538184753550903,3.88189e-40
50,0.5,143.1118458076206327394051238689139299662,3.26747e-39
51,0.5,146.000982486765518547402507596424682429,3.67254e-40
52,0.5,147.4227653425596020495211850104315061688,1.31046e-39
53,0.5,150.053520420784880351432467236959370623,2.13438e-40
54,0.5,150.9252576122414667618525246783056276024,2.01604e-39
55,0.5,153.0246938111988961982565442551854465086,1.7797e-39
56,0.5,156.1129092942378675697501893101691947465,5.82735e-40
57,0.5,157.5975918175940598875305031584987657307,9.45902e-40
58,0.5,158.8499881714204987241749947755402714143,1.44234e-39
59,0.5,161.1889641375960275194373441293695543649,4.95492e-39
60,0.5,163.030709687181987243311039000687994897,1.72822e-39
61,0.5,165.5370691879004188300389193548747973284,2.08511e-39
62,0.5,167.1844399781745134409577562462103787365,5.87574e-41
63,0.5,169.0945154155688214895058711814318347967,5.99321e-40
64,0.5,169.9119764794116989666998435958217922884,1.76213e-39
